Parameter,window_size,Estimate,Std.error,MC_std.error,Coverage
(Intercept):1,16,-1.08764477190982,0.0428865438040296,0.0435854363801228,0.932777777777778
(Intercept):2,16,-1.60151184751275,0.0576947721708005,0.0574771469979855,0.946666666666667
Covariate:1,16,0.500402304571256,0.0639430189182809,0.0644388299677714,0.947222222222222
Covariate:2,16,-0.498482196046282,0.077904426604153,0.0799204432439173,0.938888888888889
1-1,16,0.0850421880213482,0.0410698780943403,0.0411750755921076,0.945555555555556
1-2,16,-0.00675354316775414,0.0216066387331188,0.0219454010270975,0.937222222222222
1-3,16,-0.00788463422495128,0.0138711143761566,0.013838758173575,0.907222222222222
2-2,16,0.0789613861204553,0.0651535074398959,0.0662561988055622,0.942777777777778
2-3,16,-0.00678677279861966,0.0161924687128175,0.0163078917288536,0.926666666666667
3-3,16,-0.230838269445403,0.0288199151833053,0.0297472502070175,0.934444444444444
