Parameter,True_value,window_size,Estimate,Std.error,MC_std.error,Coverage
(Intercept):1,-1.09861228866811,1,-1.01756397709229,0.135294966361953,0.141083115620243,0.881666666666667
(Intercept):2,-1.6094379124341,1,-1.52881030905228,0.185396069025926,0.186855728515657,0.915555555555556
Covariate:1,0.5,1,0.475341321233457,0.180600398873802,0.185940883918532,0.933333333333333
Covariate:2,-0.5,1,-0.490281402297908,0.213318241609317,0.224563517411398,0.928333333333333
1-1,0.0953101798043249,1,0.0488774338060906,0.0703250900222752,0.0736206629999981,0.9
1-2,0,1,-0.0301547988789555,0.0340526098140717,0.0347244016660348,0.847222222222222
1-3,0,1,-0.0396469389081262,0.0251367217743472,0.0258637396419789,0.642777777777778
2-2,0.182321556793955,1,0.128255542410223,0.0972564640111606,0.105474117636768,0.923333333333333
2-3,0,1,-0.0356586443273672,0.0295077900268549,0.0305670273250945,0.737777777777778
3-3,-0.22314355131421,1,-0.267800081696083,0.0595626038772303,0.0611529277237036,0.881666666666667
(Intercept):1,-1.09861228866811,4,-1.00354814989898,0.0688623739357208,0.0672976875240768,0.715
(Intercept):2,-1.6094379124341,4,-1.50275917240557,0.0937814990505747,0.0950441974277765,0.772777777777778
Covariate:1,0.5,4,0.472761128479843,0.0904329860766517,0.0915309094998115,0.933333333333333
Covariate:2,-0.5,4,-0.489520220705763,0.107531249057645,0.107481094809324,0.948888888888889
1-1,0.0953101798043249,4,0.0514257626135634,0.0359086226645297,0.0356036923854306,0.783888888888889
1-2,0,4,-0.0330938867419208,0.017153558766684,0.0178189094307201,0.502777777777778
1-3,0,4,-0.041710274362624,0.0126545424225987,0.012363850305126,0.0994444444444444
2-2,0.182321556793955,4,0.140357414916434,0.0479459913859206,0.0493417534274281,0.863888888888889
2-3,0,4,-0.0391054738873264,0.014773543797522,0.0150229482718441,0.251111111111111
3-3,-0.22314355131421,4,-0.265230227427412,0.030342901718018,0.0303686510457976,0.718333333333333
