Parameter,Target_param,Estimate,Lower,Upper
(Intercept):1,-1.09861228866811,-1.11867924912259,-1.12570657151201,-1.11165192673317
(Intercept):2,-1.6094379124341,-1.64149123067179,-1.65071774109301,-1.63226472025058
Covariate:1,0.5,0.506158730313202,0.496897846180518,0.515419614445886
Covariate:2,-0.5,-0.505420957220421,-0.516391916301237,-0.494449998139606
1-1,0.0953101798043249,0.0925672667912358,0.0891231164935666,0.0960114170889051
1-2,0,0.00518135512719758,0.00344161914911543,0.00692109110527972
1-3,0,0.00433612596000424,0.00301541784462072,0.00565683407538776
2-2,0.182321556793955,0.167330117832631,0.162367588925924,0.172292646739337
2-3,0,0.00520043087127604,0.00369093552930201,0.00670992621325006
3-3,-0.22314355131421,-0.225577393734874,-0.228326481274846,-0.222828306194902
(Intercept):1,-1.09861228866811,-1.1022235521085,-1.1055951485527,-1.0988519556643
(Intercept):2,-1.6094379124341,-1.61596290041719,-1.62074941321755,-1.61117638761683
Covariate:1,0.5,0.503476487013081,0.498895259298324,0.508057714727838
Covariate:2,-0.5,-0.505152944499655,-0.510365793777107,-0.499940095222203
1-1,0.0953101798043249,0.0950003535844106,0.093328100479945,0.0966726066888761
1-2,0,0.00149127285982395,0.000614603402600098,0.00236794231704781
1-3,0,0.00114187227472384,0.000502567234451774,0.00178117731499592
2-2,0.182321556793955,0.179813386262693,0.17750770080097,0.182119071724416
2-3,0,0.00133193236877405,0.000563576698362336,0.00210028803918576
3-3,-0.22314355131421,-0.223105378114399,-0.224466395667176,-0.221744360561623
