Parameter,True_value,window_size,Estimate,Std.error,MC_std.error,Coverage,n1,n2,n3
(Intercept):1,-0.336472236621213,1,-0.345254309345858,0.115943434453737,0.122924373520541,0.928333333333333,445.251666666667,450.532222222222,384.016666666667
(Intercept):2,-1.16315080980568,1,-1.16102818923179,0.163812804939019,0.17043251503521,0.941111111111111,445.251666666667,450.532222222222,384.016666666667
Covariate:1,0.25,1,0.248026715765843,0.197903527929664,0.208235519687707,0.928333333333333,445.251666666667,450.532222222222,384.016666666667
Covariate:2,-0.25,1,-0.256179786215127,0.203783089227069,0.211452058653389,0.94,445.251666666667,450.532222222222,384.016666666667
Covariate_con:1,-0.5,1,-0.508290722181153,0.076942607751772,0.0795570296643994,0.94,445.251666666667,450.532222222222,384.016666666667
Covariate_con:2,0.5,1,0.507685056520559,0.0870872020685872,0.0901687306514792,0.937222222222222,445.251666666667,450.532222222222,384.016666666667
1-1,0.0953101798043249,1,0.0868852034532876,0.0486353731500356,0.0518592512238623,0.925555555555556,445.251666666667,450.532222222222,384.016666666667
1-2,0,1,-0.00604016472275119,0.017396213176847,0.0184388031750309,0.921666666666667,445.251666666667,450.532222222222,384.016666666667
1-3,0,1,-0.00267522910960436,0.0191713856767709,0.0204752153537237,0.925,445.251666666667,450.532222222222,384.016666666667
2-2,0.182321556793955,1,0.172962095931227,0.0423192840452032,0.0459566075628901,0.910555555555556,445.251666666667,450.532222222222,384.016666666667
2-3,0,1,-0.00618225480724459,0.0147023104297937,0.0158617292404802,0.902222222222222,445.251666666667,450.532222222222,384.016666666667
3-3,-0.22314355131421,1,-0.246076236618615,0.0764214168166802,0.0774569058940932,0.933888888888889,445.251666666667,450.532222222222,384.016666666667
(Intercept):1,-0.336472236621213,4,-0.341183455090528,0.0575132338911504,0.0592806643636357,0.943333333333333,2309.39611111111,1597.24555555556,1519.03055555556
(Intercept):2,-1.16315080980568,4,-1.15001460647728,0.0828975046488452,0.0839561137696897,0.944444444444444,2309.39611111111,1597.24555555556,1519.03055555556
Covariate:1,0.25,4,0.252292967436234,0.0942748663391624,0.097119077303843,0.937222222222222,2309.39611111111,1597.24555555556,1519.03055555556
Covariate:2,-0.25,4,-0.245272745475585,0.111863578885562,0.115373707002155,0.943333333333333,2309.39611111111,1597.24555555556,1519.03055555556
Covariate_con:1,-0.5,4,-0.502118290825069,0.0376319529591055,0.0365495287097761,0.952777777777778,2309.39611111111,1597.24555555556,1519.03055555556
Covariate_con:2,0.5,4,0.500376787060657,0.0446400575833153,0.0448087483388098,0.946666666666667,2309.39611111111,1597.24555555556,1519.03055555556
1-1,0.0953101798043249,4,0.0864064325365719,0.0210119899452475,0.021640901444152,0.912222222222222,2309.39611111111,1597.24555555556,1519.03055555556
1-2,0,4,-0.00579156141047388,0.00856372557921531,0.00841944608464448,0.901111111111111,2309.39611111111,1597.24555555556,1519.03055555556
1-3,0,4,-0.00419424536751301,0.0084783116196385,0.00859221154115285,0.922222222222222,2309.39611111111,1597.24555555556,1519.03055555556
2-2,0.182321556793955,4,0.169372263982647,0.0229109540936079,0.0241217906618969,0.886111111111111,2309.39611111111,1597.24555555556,1519.03055555556
2-3,0,4,-0.00726446393054435,0.00754193238382387,0.00762912330757402,0.833333333333333,2309.39611111111,1597.24555555556,1519.03055555556
3-3,-0.22314355131421,4,-0.231704216553285,0.0383932809334619,0.0395338483522704,0.939444444444444,2309.39611111111,1597.24555555556,1519.03055555556
