Mean,Lower,Upper
-0.00401410836322415,-0.00719894781482659,-0.000829268911621703
-0.00256579922000037,-0.00567391990262408,0.000542321462623338
1.05311963041501,1.02454053561499,1.08169872521503
2.0434207126369,2.01618523441235,2.07065619086145
-0.000304061649893412,-0.00122933028608022,0.000621206986293395
0.000120728346459593,-0.00182933630490954,0.00207079299782872
0.000725501018980041,-0.00141042292075914,0.00286142495871922
-0.00083018588659921,-0.00172075562140276,6.03838482043376e-05
0.0013485875261642,-0.000609697360574209,0.00330687241290261
-0.000804672593744076,-0.00177891148896841,0.000169566301480259
