V1,V2,V3,V4
-0.26599909168954,-0.23722296917561,-0.109100393604515,-0.410006476782642
-0.156567727750799,-0.239340764375057,-0.147205608056463,-0.312544375953129
-0.169009993481416,-0.282764079708035,-0.120754844563786,-0.297918202148394
-0.28411724327788,-0.227534578058773,-0.117263624742171,-0.401014848925918
-0.175856552561723,-0.202862275832855,-0.0814819963772415,-0.326911743471882
-0.211917437660306,-0.262395121039996,-0.127960472847001,-0.427562454983257
-0.175801501510522,-0.202102583542642,-0.0843009282759263,-0.280813118288894
-0.17474792438672,-0.255884307119856,-0.073567061190526,-0.316806955541263
-0.106583216801933,-0.349866154254962,-0.133743830111819,-0.356716262328547
-0.132969908120743,-0.310938589445676,-0.147034990454351,-0.360713648266415
-0.204479541042996,-0.185897500530193,-0.101145477707853,-0.26617836852386
-0.10683776736009,-0.318462325042626,-0.111588632304926,-0.340504030013272
-0.186433014119699,-0.240846607687045,-0.0938620145931047,-0.335098629408921
-0.1728969836184,-0.15448600749644,-0.0815381105402107,-0.2146439638126
-0.205202664133197,-0.210938672758399,-0.0896563096431988,-0.341234356996507
-0.106702581527319,-0.173825693145695,-0.0634375361246066,-0.257473039958893
-0.111023365333987,-0.267609589833948,-0.110187369597747,-0.325079220643527
-0.10085975394617,-0.291658705304388,-0.113999042650928,-0.303588045587926
-0.14436678981944,-0.232733248382638,-0.0824299896102411,-0.262167770285192
-0.182930784151491,-0.268376760335641,-0.151846295639161,-0.344921319064231
-0.265103440990019,-0.132363846435505,-0.0537892389229825,-0.3167992581568
-0.225146058938456,-0.2184862427419,-0.149121014591133,-0.365048133091497
-0.259629890423583,-0.212246326683288,-0.0932897133116689,-0.323733461524868
-0.214818639398107,-0.122105101793732,-0.09057830741271,-0.328793756079765
-0.125197449981419,-0.28948272793274,-0.137334997610065,-0.33494399622026
-0.133093912200836,-0.290318998356193,-0.14130077442394,-0.306307566113397
-0.0621934425647014,-0.415092546201484,-0.131155815253326,-0.365451311726797
-0.195020706694782,-0.231691472467039,-0.115949417169659,-0.347707111433005
-0.1865969805077,-0.264363429950111,-0.127547980462033,-0.354641020266798
-0.203004545774532,-0.261853908826598,-0.122142279368199,-0.386502756044612
-0.149030914341807,-0.160786084014484,-0.0887652298235805,-0.248987639045069
-0.0967796338911619,-0.29019342391484,-0.0896908668921345,-0.302206055466374
-0.149564660102451,-0.335631333876036,-0.09939625967039,-0.387496802302592
-0.280746501181551,-0.235822275932415,-0.103817082241139,-0.437913859628317
-0.274943137380864,-0.200306275229381,-0.0799145788287536,-0.36853146231906
-0.0973454417084779,-0.294746470887786,-0.0851818702235911,-0.338584866410685
-0.177076123981489,-0.266632477668743,-0.0928640847862768,-0.382764693179691
-0.234242023103843,-0.222140828116432,-0.115595474187741,-0.397006454777735
-0.119109740517918,-0.281642267220033,-0.121923085783605,-0.3158748456612
-0.272280633431512,-0.226850559790799,-0.114492840058956,-0.378369263609191
-0.173229421231704,-0.247151064318436,-0.145655142433767,-0.403675983585324
-0.251292728827507,-0.250059304557845,-0.136564467359311,-0.395833788969266
-0.165229506658285,-0.206801983553677,-0.100014981568235,-0.329878445946725
-0.20873332966491,-0.244146197076362,-0.0763064144691056,-0.328467456272025
-0.0759725167905834,-0.288961788426349,-0.111976841277716,-0.267038474688327
-0.145275963660273,-0.288283752181366,-0.112137685098824,-0.325531740181993
-0.172884723284206,-0.268070189746536,-0.133855751601385,-0.360436539679101
-0.16732981859674,-0.256815725917871,-0.130485142961412,-0.316401035328642
-0.0920081292944049,-0.259072554981392,-0.08748138357989,-0.240661429805579
-0.195757151716194,-0.176353160674073,-0.0651322454745295,-0.272228335703656
-0.086280769178856,-0.255297325643324,-0.120296117502623,-0.268169784903447
-0.207175289160298,-0.266299522366495,-0.124850614599636,-0.363967717151609
-0.183988885374465,-0.153333568109645,-0.074667992752176,-0.238698690850549
-0.0799753952185636,-0.350384778868676,-0.11956091284922,-0.290652906854336
-0.220263541485711,-0.245510144171012,-0.093826473887425,-0.368187216535165
-0.296513709056675,-0.269544763058094,-0.121197457498259,-0.405461543021907
-0.164475846980769,-0.284429739957875,-0.108850992692689,-0.329931396650695
-0.145809142362053,-0.29062770686781,-0.133799650926206,-0.360841191394594
-0.176492111433886,-0.241732623555501,-0.121432831082903,-0.36928066660626
-0.109389424816496,-0.283287281539773,-0.102283461949272,-0.273199555873849
-0.137308689500216,-0.283740621397421,-0.138954126958289,-0.363837119016952
-0.203335685068656,-0.285981641123726,-0.153768140602719,-0.398214914525804
-0.183410130659968,-0.346482836254567,-0.108397710657483,-0.459067402098552
-0.201237399312074,-0.255968079731372,-0.115795271901787,-0.330301859405295
-0.282877381716808,-0.207734701151749,-0.0925417115827237,-0.331098245158796
-0.225811974091323,-0.210302519174787,-0.0534023474477283,-0.336510494873583
-0.166093532324389,-0.186814426204363,-0.0685738866901085,-0.263091741045653
-0.214465534462128,-0.24493165236885,-0.120985089231572,-0.372282040340426
-0.215608437975514,-0.248250036949143,-0.0998940811676586,-0.334253901712306
-0.273509264550919,-0.196255021386172,-0.0881668280296786,-0.322707646985713
-0.178535403275554,-0.187473021154537,-0.112674271829975,-0.301404960345286
-0.201938803327441,-0.173104910661025,-0.0872006855777236,-0.304989960637674
-0.258609343553957,-0.283526942717257,-0.100041881052107,-0.380011712687648
-0.195812837143952,-0.25959876386679,-0.0592377030126439,-0.345482470100769
-0.128216813077448,-0.285362746008522,-0.112120612798446,-0.324824421039294
-0.162980209088328,-0.260027781295238,-0.122341567798758,-0.348924900608395
-0.18331462834854,-0.288016699599362,-0.0840646773476228,-0.295709402405201
-0.177197929316717,-0.265443190283112,-0.116063312853344,-0.351803055750616
-0.252500795118572,-0.190334456549522,-0.121770354012317,-0.333348379172695
-0.164598183206506,-0.245627259101154,-0.113183254136568,-0.32365112845561
-0.18040959050842,-0.22873967444164,-0.101908834238938,-0.328217529470819
-0.211862456831046,-0.218041028280409,-0.105747758167527,-0.320340303459799
-0.220446598587281,-0.165677758921996,-0.0776514676914083,-0.263287570909622
-0.342232185169084,-0.191532412352485,-0.100674196367123,-0.379795800656165
-0.187800495240624,-0.287692251074764,-0.082733248494325,-0.345345467749535
-0.190079518609108,-0.208903847361039,-0.133009558673613,-0.326312066748283
-0.276347590215725,-0.244392619977207,-0.103969135472438,-0.435443940955288
-0.198901947775412,-0.235710472020261,-0.0839530007854152,-0.359463811715613
-0.278084752390441,-0.15381700282075,-0.103795892040019,-0.27985145693616
-0.202814622164913,-0.22521168920127,-0.0977327039416437,-0.3445622389902
-0.203631160944455,-0.297955973287594,-0.0872012316620083,-0.347548317524838
-0.311703261374272,-0.210158096191239,-0.0765138700318982,-0.364406626435564
-0.232484597446577,-0.218542612297409,-0.117770978554243,-0.360277567773796
-0.142153750556256,-0.254668008408219,-0.106114087664798,-0.315228084124976
-0.205707383908536,-0.217721018757603,-0.133590708063753,-0.399404998704907
-0.164283343171128,-0.226199841910536,-0.0765193083407608,-0.295083577928609
-0.200861708395159,-0.247269312048573,-0.124976611067773,-0.343515699484993
-0.124415258750956,-0.242837043447026,-0.111195997362756,-0.287678747043406
-0.248349702892325,-0.205146462663874,-0.0924114977864665,-0.386001480354751
-0.2745248989179,-0.284591259737159,-0.12788202117187,-0.431606733802082
-0.14904321412913,-0.247200845467242,-0.114559906687657,-0.256920349659859
-0.234214229264513,-0.198554037838306,-0.0903032330586013,-0.339652353401888
-0.261069483448683,-0.179868408165046,-0.106123929369091,-0.342504469525055
-0.184775270173255,-0.241792658931066,-0.106978905529412,-0.396945146172909
-0.15219870736326,-0.257869209154313,-0.0811610022868904,-0.345148042975775
-0.125898277837477,-0.303899101320385,-0.113744224853746,-0.335830882467469
-0.140751029887834,-0.275790012632701,-0.100662776691485,-0.287360673493375
-0.227957610046353,-0.270192923642535,-0.12241693529665,-0.378506253814034
-0.191781789438369,-0.272557879783098,-0.123455635638635,-0.413348785013865
-0.104750230146826,-0.244162168588143,-0.108025969415849,-0.291577024847321
-0.188945850498009,-0.31549620732823,-0.126366576793532,-0.357593394749487
-0.173253713720666,-0.309447600278763,-0.119224940963272,-0.388507842109699
-0.232010478742874,-0.211417857868231,-0.11614023929675,-0.379470559770826
-0.111726408485541,-0.198207726587963,-0.0647461767327991,-0.269338848034538
-0.144993488333856,-0.198454973087344,-0.0828853659524695,-0.273058910806806
-0.096251948122585,-0.314138460070082,-0.113640766265827,-0.348040924133554
-0.174560337702026,-0.280236767309787,-0.125690944430744,-0.366616869799073
-0.344492879850266,-0.196365066846065,-0.0347852960660739,-0.358607280496643
-0.119858993993552,-0.264288214286606,-0.110552833080181,-0.334880471395845
-0.179389089965451,-0.259484673958051,-0.108503811776453,-0.384216392730756
-0.284465825857002,-0.191565187329104,-0.0958995911266529,-0.395215053350124
-0.0871878172674832,-0.234357571342747,-0.100451184850062,-0.283102093456406
-0.234310168344294,-0.17840451324939,-0.115433886229921,-0.350054910738098
-0.0944425755163806,-0.265535632423534,-0.122965055780337,-0.276753562396143
-0.19016752750708,-0.225122765108827,-0.126824168802443,-0.395718518082292
-0.14084914352769,-0.26641192398863,-0.0925991806679423,-0.306600390566682
-0.229439374046562,-0.281122392274231,-0.131114619909013,-0.397151505321167
-0.222385979150715,-0.237340244462736,-0.0913941044997963,-0.385692635815835
-0.20594889597431,-0.216409285846541,-0.105829268631733,-0.325282540506696
-0.192890325536536,-0.222225556464287,-0.0903782174388716,-0.316012489823345
-0.167406415344,-0.309391286047681,-0.152073173744957,-0.407669599313985
-0.21274028375849,-0.139355231590116,-0.0657306510544101,-0.308880612955606
-0.2133250654016,-0.19987633918103,-0.0984696522366255,-0.385683776169135
-0.17293736025406,-0.290020997892353,-0.103163508170375,-0.331343037309157
-0.186948020820888,-0.213385482171956,-0.128432479845854,-0.346613002101203
-0.15183227744959,-0.223045235631312,-0.134179558589449,-0.364137152627581
-0.15785907014851,-0.240907479123253,-0.112622156594484,-0.356354359434556
-0.211768382344926,-0.233272506452751,-0.117371770674113,-0.296131243730902
-0.146027270047399,-0.245603929431951,-0.10351863993332,-0.284650119910444
-0.241578455150912,-0.233082870380064,-0.109946009640473,-0.345959035326962
-0.14119388260733,-0.240834175208555,-0.101648177299152,-0.305326104955196
-0.226706103911525,-0.175234775964631,-0.095149136907351,-0.304509093613992
-0.12355994130471,-0.291784264067012,-0.123059792144535,-0.352307962143804
-0.266181136909028,-0.181638737129084,-0.097163616196855,-0.344199340496639
-0.137361688723891,-0.250002328378786,-0.0896555495695468,-0.272586261223482
-0.162911233557329,-0.306524453731319,-0.126588323033801,-0.393378758117453
-0.203324325708537,-0.292235966504338,-0.147764844911107,-0.398502326905769
-0.160892236980983,-0.262376339951553,-0.0587833334085309,-0.318970957791501
-0.253139234665338,-0.172080918496547,-0.106342668580139,-0.366214372251434
-0.188429633885188,-0.27776258972269,-0.10377537459418,-0.327403740347409
-0.127743943274583,-0.329514910411039,-0.0904274825284688,-0.375827155070707
-0.136530337374491,-0.225132889100224,-0.0966447262378567,-0.310555905749104
-0.178177993334567,-0.263014489418309,-0.137376790062032,-0.368717996334269
-0.19779049979026,-0.256696123005998,-0.107483938829938,-0.33880310949217
-0.137523735403466,-0.311016505151967,-0.138384383982445,-0.39136814352938
-0.160568716085301,-0.288345839362787,-0.130091417415257,-0.357974633375133
-0.146462117535165,-0.215528628602304,-0.122595133866837,-0.322145289373223
-0.173976896015292,-0.280640617105184,-0.134739357560379,-0.367973220448748
-0.131039704663914,-0.397884149400334,-0.140366354876676,-0.426165784773636
-0.163939602580764,-0.287113463084043,-0.146901454203725,-0.36605555767926
-0.252639969981731,-0.185545181288101,-0.0909540245900442,-0.341460257535882
-0.13143636197524,-0.349128309938952,-0.161598195683311,-0.373789515068479
-0.196882126141201,-0.213950301879509,-0.0667781911699521,-0.311105231773841
-0.117071680566312,-0.287623024360814,-0.126003179313278,-0.324948462917603
-0.065056348594563,-0.34942566048676,-0.156796452939729,-0.344020930995755
-0.269139050336305,-0.249555229304574,-0.127575446621702,-0.384466080149907
-0.121833900976366,-0.223367174250624,-0.0867669225984287,-0.22598219593232
-0.0738658617800795,-0.243925474462786,-0.123098852137947,-0.259186327486417
-0.235048645353575,-0.266949399570601,-0.1119816740777,-0.367662858612871
-0.166892970449305,-0.263785161563854,-0.0917080391822615,-0.391543973283878
-0.150180852186877,-0.316427164469676,-0.130443754081918,-0.323969934042509
-0.203586669233187,-0.24426259185622,-0.115396311100945,-0.330940751173732
-0.132811371549905,-0.202534218817793,-0.0950290021936655,-0.310744693772066
-0.164238454297039,-0.266811048470517,-0.0971775696351036,-0.300876998278327
-0.223830518738942,-0.192143919793509,-0.118079099057199,-0.365039078228442
-0.21879350001084,-0.245066648854327,-0.0794659757570044,-0.363212794294375
-0.116610805826845,-0.240016530481934,-0.119237320314217,-0.252542461935684
-0.229562347932971,-0.284619821226125,-0.130655164960195,-0.424094066527267
-0.193734666071941,-0.280606795956956,-0.0797841859166531,-0.318971336953354
-0.169514482473643,-0.202345106688823,-0.0959156695745247,-0.294381706046198
-0.161371673820322,-0.228271892746789,-0.0826280057602911,-0.287862543693379
-0.245051988676661,-0.180107438828391,-0.109482183042874,-0.348322394496129
-0.305912515196082,-0.184135462944962,-0.0927063344896198,-0.369222470997561
-0.219715304627071,-0.198257665182808,-0.142655734112113,-0.323707958430848
-0.259167229088854,-0.215704861654264,-0.118932360507249,-0.366771181506374
-0.262229556068845,-0.164848064496492,-0.0931859208222555,-0.365334750096979
-0.16200733227133,-0.273744162171229,-0.134539096117108,-0.389888922939832
-0.189307517518169,-0.160089433537607,-0.075897600617164,-0.270033586319159
-0.204405544426144,-0.214304594124751,-0.0994560782623351,-0.288643602326711
-0.225786938459376,-0.182517798624233,-0.0988763232156839,-0.326284104166064
-0.138893479657636,-0.255430720755593,-0.0828190062557598,-0.294661285612703
-0.173326347636061,-0.250200253986979,-0.104903308277353,-0.320709429592553
-0.224751780255427,-0.127889730915423,-0.095510126268193,-0.298952862258345
-0.217438430156325,-0.21160241776199,-0.131120184187388,-0.342954546615261
-0.161930889508649,-0.230175094122038,-0.093811090250934,-0.319726714905218
-0.229317814298495,-0.192211195468942,-0.094685861002462,-0.343159946035995
-0.16272642120012,-0.251455360743482,-0.103160998684567,-0.319686751284128
-0.214393390128812,-0.292834187769191,-0.108603116040959,-0.368633870277018
-0.199578236424451,-0.248239450834958,-0.130251513174241,-0.386440403413145
-0.229172855990523,-0.262871395200664,-0.091442568415418,-0.316835856545864
-0.159630822366879,-0.262470365971876,-0.0754906721097342,-0.313682488420539
-0.184661481253827,-0.243797984121375,-0.138625744933466,-0.373617383471676
-0.221561151338484,-0.185060453627522,-0.080921582355313,-0.330368585126263
-0.243670654386233,-0.170867867845744,-0.118996195615953,-0.377398955546174
-0.247651877452744,-0.21672775653809,-0.118331525904475,-0.387317370315852
-0.144720705980221,-0.246474310293306,-0.116012393635714,-0.331339037414793
-0.143847126640374,-0.384534848979156,-0.152302801473894,-0.428905318285898
-0.214496160139978,-0.176238479404511,-0.089195274053562,-0.31475011199656
-0.0995340427030534,-0.253828644449261,-0.0869880616232373,-0.286667644333139
-0.204815494869595,-0.132564615545692,-0.0938127819772345,-0.211689021085325
-0.135600698907161,-0.294609487775953,-0.118593203098218,-0.325594998397178
-0.216065208552556,-0.280232606971394,-0.12591947699585,-0.421587624446613
-0.21553575975623,-0.136214341438942,-0.104156626983535,-0.290604188995518
-0.135160009865584,-0.270221681067167,-0.0971642027212665,-0.376592182414935
-0.189108984636923,-0.213159854605623,-0.099689623962298,-0.325520846081072
-0.150394036687976,-0.232812492534709,-0.107385757722168,-0.337960574849995
-0.171540213264606,-0.236154030080115,-0.101371497396028,-0.294853673467108
-0.201025292796492,-0.207008379590837,-0.0823238658934957,-0.282422676886444
-0.215136678966731,-0.162379321732068,-0.0951419805770436,-0.290264660661469
-0.277300776418699,-0.231723219914603,-0.0623766394587865,-0.381742375642393
-0.105200187526329,-0.300431763995048,-0.126876136298443,-0.331469769809114
-0.193714835849127,-0.18073898792328,-0.120142513924003,-0.364269793519128
-0.151387539072263,-0.289833168884756,-0.146665741308928,-0.365952961882421
-0.136948175719155,-0.258874147337298,-0.113553208351662,-0.297186392317813
-0.198077871396944,-0.304174084074365,-0.0864985974735846,-0.3588941172676
-0.275793777944724,-0.203301074658124,-0.128609003432954,-0.375798768657153
-0.267067635861783,-0.183272311374731,-0.0744726098545098,-0.361924158965101
-0.167450090607418,-0.362210956429766,-0.12187136204069,-0.368257791417838
-0.15564587322429,-0.264083071593963,-0.122941621726265,-0.345411420021866
-0.106994072078463,-0.265027920447321,-0.0505427089376376,-0.270459347303632
-0.159421128461347,-0.295947136231064,-0.110664705827088,-0.341960726740147
-0.175841619258697,-0.267403983058986,-0.156885644087892,-0.353140331060126
-0.1969840160626,-0.225226385999255,-0.0706516853130087,-0.333446333990784
-0.156688447930812,-0.25253428675809,-0.0918463439939265,-0.312413669541851
-0.280675472951245,-0.21497834498596,-0.125984689380758,-0.398587797477168
-0.151751463210703,-0.240665667763557,-0.089070347796096,-0.305302188710851
-0.154225937436512,-0.210376414795444,-0.105092305525671,-0.31284957989558
-0.207713290200285,-0.254093015321609,-0.0977562131541195,-0.37747632788046
-0.260273476892438,-0.175455102930579,-0.080006838027701,-0.363804285909413
-0.193392083114106,-0.294761319206514,-0.137003366381085,-0.402503559689134
-0.262018297113908,-0.257977338273841,-0.118785436299987,-0.405988451835505
-0.253496708030152,-0.231528954533802,-0.0840462816527704,-0.325401050979429
-0.178665842173011,-0.28081101379477,-0.0852775531614941,-0.308299408913925
-0.171428589291589,-0.305644713884666,-0.114664211597458,-0.321051144862617
-0.116586554412158,-0.314924256153749,-0.120910691652835,-0.366237405835179
-0.209727753510578,-0.199069445390039,-0.0573838435979585,-0.291645938222984
-0.185226187160059,-0.326979969219413,-0.117897091489637,-0.364879906442838
-0.174628117484191,-0.247666621388139,-0.0897735387139574,-0.363318677389969
-0.107511760005929,-0.241286895512623,-0.114820789122979,-0.266468887926254
-0.137363694690065,-0.231554443655901,-0.0968869906084703,-0.344839252013887
-0.260311317573667,-0.22084636745122,-0.113821111578576,-0.372342028895819
-0.219883577063221,-0.297056247757735,-0.10667883072785,-0.374986182404375
-0.209402691085503,-0.212364350912319,-0.0933995559653124,-0.282695524531861
-0.13530967099499,-0.300771765605141,-0.104598261786597,-0.361774457983972
-0.16890577545647,-0.253242142245987,-0.132567144225109,-0.363346629315511
-0.186028589666676,-0.264634137432609,-0.114027209728573,-0.382055692878167
-0.210103053423238,-0.255321111911279,-0.124972109292336,-0.390491357860195
-0.183712837162241,-0.241285015302549,-0.0948914286701417,-0.344995399650557
-0.148074878089369,-0.272017231709349,-0.111623937969674,-0.321892702834106
-0.120781588511222,-0.294761171174213,-0.121704005537725,-0.372870141318331
-0.0975012008507622,-0.355712901534015,-0.14128657370781,-0.337945606965957
-0.121150989772786,-0.274699744845493,-0.107706940798121,-0.297689595521923
-0.137428989257286,-0.296892836448833,-0.12780377979995,-0.336008352555131
-0.159090874178615,-0.285797332866469,-0.122346817039244,-0.367467511172216
-0.194476265328012,-0.286135796354255,-0.149924233910255,-0.392684661499412
-0.334826276981529,-0.155732095900883,-0.113534280344957,-0.451096785482664
-0.199796867099149,-0.223956520383848,-0.0443769365434046,-0.26952675106502
-0.273405735869213,-0.212398722264705,-0.114306705259784,-0.423564807275735
-0.18372725499213,-0.230571490493567,-0.104151540916445,-0.333793194002476
-0.224774528841414,-0.208274909964163,-0.0959206817078841,-0.314606303324495
-0.181259755132929,-0.226091222282787,-0.133552216397196,-0.339398420308419
-0.0866669925664214,-0.252320386511431,-0.0958188043789129,-0.309674090096171
-0.230321706215688,-0.198300555373913,-0.0942687508438649,-0.33664554823446
-0.256215573660694,-0.226592758221746,-0.113612044391453,-0.36228444714665
-0.164691717266394,-0.256801580089701,-0.110065984087214,-0.300825037249382
-0.202116400054311,-0.207323578219312,-0.105207387280773,-0.344433339452147
-0.24491398643222,-0.281669077445929,-0.144985326122111,-0.479354559286857
-0.21119980864367,-0.198187525224554,-0.0745415107702214,-0.343846166249162
-0.13633927590385,-0.274834027361488,-0.143990767424396,-0.37944982579743
-0.115542439393351,-0.209719667585457,-0.0984941476716214,-0.263656774942391
-0.241882776408886,-0.231960656760057,-0.100571846742315,-0.427832859937652
-0.22908347619675,-0.207083028411129,-0.0906922521666626,-0.303457562968235
-0.208864574431492,-0.24849330937357,-0.142685973445603,-0.388361339281174
-0.141259739578042,-0.185953395887212,-0.0831721451053121,-0.263567451083492
-0.280877353315881,-0.222473694752351,-0.113792690885637,-0.363541068567458
-0.073522270618423,-0.336814397706796,-0.168760408901785,-0.329772015209748
-0.180208320174538,-0.227101658583034,-0.0955504631226988,-0.270858923838183
-0.18378071294171,-0.217861060307506,-0.10519214708121,-0.32119441386766
-0.158972533753132,-0.286992810967082,-0.114303971530332,-0.353395176253303
-0.125728318542959,-0.27904317207515,-0.138369014893667,-0.328464908971263
-0.214401662966247,-0.265455321226072,-0.0760926980311327,-0.357979815535315
-0.125783752250476,-0.265493446811741,-0.125950181974786,-0.364101827472735
-0.367088741622486,-0.181676237825552,-0.0987885761801026,-0.419562863435183
-0.0922852693943111,-0.287903506047618,-0.1034770856045,-0.274325786715739
-0.0910771364659837,-0.232526235257568,-0.106049823792875,-0.271082313138768
-0.200271489632332,-0.146434967853297,-0.0524277356084342,-0.244481909815858
-0.202973307614737,-0.194991651800254,-0.114711674211819,-0.300890843042278
-0.244743386731609,-0.190523665696612,-0.0965881420920609,-0.354750335630285
-0.241944253392116,-0.289130670693537,-0.103090668845321,-0.383206113486209
-0.18302870744836,-0.224852484586094,-0.098275772043463,-0.317336822677316
-0.184893714880669,-0.274195669791483,-0.142902033860848,-0.391896205976217
-0.196529212926601,-0.293333926739574,-0.121293424406586,-0.415768091660852
-0.200453094154656,-0.28312491648595,-0.113021637833067,-0.364336315666832
-0.210438738022658,-0.192068479832052,-0.114341214681363,-0.307654556464713
-0.182157471356614,-0.259982212775109,-0.110573842163393,-0.349247348594804
-0.165952549259487,-0.285760739456146,-0.115586579903372,-0.372667547629135
-0.230206931998886,-0.261582468043019,-0.117468749538202,-0.390758956840359
-0.189532844654359,-0.236333145259646,-0.110442798733742,-0.293359806235328
-0.228869727589416,-0.264375905849732,-0.134661373423959,-0.433577584474996
-0.21298337943165,-0.21947122149414,-0.11668439061193,-0.326778733697463
-0.121619167245195,-0.3000673254158,-0.085143223587069,-0.371600150566074
-0.116494711756301,-0.232196857222877,-0.0954252600475473,-0.2706469400538
-0.265075219829253,-0.184354223166449,-0.0882597589404669,-0.322546935611823
-0.2176800042954,-0.245945554388164,-0.116670637932308,-0.378600271641084
-0.189061645429268,-0.220504042754888,-0.105759635481914,-0.320652370440567
-0.190938813787309,-0.18221864336154,-0.10526953712366,-0.294017500778862
-0.141296692011756,-0.158882529390832,-0.0853904280750128,-0.285725952139328
-0.209329836626705,-0.196814646845595,-0.0595135626123021,-0.297873811709659
-0.100245925701444,-0.290133999876917,-0.129134560231345,-0.303728485742677
-0.219877308707129,-0.25553735074023,-0.140118064867029,-0.358854194366884
-0.129262756814609,-0.270388583290715,-0.0884056004761697,-0.293548371940678
-0.163586642281715,-0.26552919622186,-0.125313248968972,-0.324775829969646
-0.119521583764808,-0.284166419898907,-0.108731425985208,-0.353050217225367
-0.146074235984529,-0.270340036502121,-0.111746708347409,-0.294771027524021
-0.140123325938106,-0.204807400728743,-0.11292810230676,-0.330013519704967
-0.22616005850655,-0.195965995635025,-0.114756971999999,-0.366537327264362
-0.25619267206424,-0.220422288976564,-0.0871092875832895,-0.371731758905528
-0.126414922473729,-0.293364663256533,-0.108335628355619,-0.319371379581484
-0.185005160917267,-0.283251449038813,-0.106986044018538,-0.412183456956871
-0.0526158294710044,-0.245297047188721,-0.0859281769298375,-0.237518358273929
-0.248413798796984,-0.186342548553333,-0.0683850873983192,-0.310169560070024
-0.160809699123779,-0.263013913536523,-0.098454022342892,-0.28901458935435
-0.301775930517704,-0.272961900647462,-0.108025569937594,-0.399923471162043
-0.145228078189164,-0.321277876239372,-0.152084301726275,-0.373940581118051
-0.0983807407102338,-0.196524318697988,-0.093635138144584,-0.292643535787317
-0.228736187997671,-0.302286878897949,-0.155779260301763,-0.444954339400877
-0.139469970723969,-0.241717014385551,-0.0662486299846598,-0.251401822169886
-0.207822403117254,-0.225392927196913,-0.10484529790591,-0.400125863060561
-0.192842338073645,-0.224626874850616,-0.104408580868835,-0.314144503754914
-0.215152651469462,-0.211409897719584,-0.114380452042253,-0.334909551887182
-0.247806407430042,-0.255267327461831,-0.08457262231122,-0.336059631775558
-0.210519724947833,-0.238609597354844,-0.101809934173177,-0.331029728156339
-0.181894705267096,-0.20223139998647,-0.0713768357030874,-0.297962892244878
-0.232800620624069,-0.157385517669892,-0.0749640012879835,-0.313881208134172
-0.084812681851946,-0.278017289355464,-0.0813489795051486,-0.202550455663502
-0.163026539917127,-0.276094249788627,-0.133565039421777,-0.349072249003368
-0.210375795055434,-0.168129299889104,-0.0879516310210415,-0.267319871907832
-0.131570318833735,-0.269251115909895,-0.0763065749559751,-0.347748855562287
-0.11020612038741,-0.247921057847962,-0.126478119056387,-0.296905896705719
-0.258706561625197,-0.172123337460435,-0.128781684146749,-0.37759846164397
-0.240906362484398,-0.199893471214094,-0.108205874184797,-0.341345763029232
-0.205511055601637,-0.229540704290647,-0.113276718941787,-0.341797602722098
-0.0932530485420021,-0.313369216279726,-0.131158990428384,-0.307919069583376
-0.132271020831273,-0.179962381914967,-0.0794398567731899,-0.208858402709757
-0.193077762018453,-0.271058926302812,-0.105540930458598,-0.3840115693718
-0.213559637243385,-0.200931332625653,-0.0688746271880877,-0.259056382046964
-0.177021450943534,-0.27366661997702,-0.120914296468195,-0.355380513731374
-0.146069276163956,-0.250575896558,-0.120766385626848,-0.346637119670564
-0.217424539782598,-0.27224159406162,-0.139216673597132,-0.388806474072517
-0.237213080065548,-0.16809390837784,-0.0751092533995632,-0.298497536860065
-0.125816410309817,-0.254576755546891,-0.106357507596186,-0.2581543736199
-0.132750094891133,-0.212455553689016,-0.0689979700193364,-0.250539251252432
-0.134872544072395,-0.331261543931162,-0.10153014643897,-0.359123760282543
-0.180206982158878,-0.248735807704099,-0.046166259582678,-0.305448530293074
-0.129614921792172,-0.306792249709843,-0.0993375244012545,-0.311991389394986
-0.103204327164023,-0.297162458487103,-0.116362888988727,-0.357429718932067
-0.180868405405468,-0.295084419030296,-0.108435892325713,-0.392564018526026
-0.206204944286911,-0.328585392582091,-0.10071496599831,-0.354821504965731
-0.173519143355043,-0.21251830263476,-0.0729420942127796,-0.299776401536034
-0.174387825123161,-0.226742712639435,-0.124680858852081,-0.382718156040837
-0.0953489209993748,-0.292054357841718,-0.126638000635263,-0.297230869344791
-0.0838524981291677,-0.274608495794058,-0.104768729242466,-0.288137705705454
-0.269511777523156,-0.232159202744911,-0.128960257924695,-0.42033945715893
-0.224778830374954,-0.213283083731963,-0.107947124666133,-0.294970659620711
-0.133617836759502,-0.292479094519484,-0.119350382539939,-0.308482075627977
-0.179293838701579,-0.128747103845564,-0.0863939743778837,-0.225145706721341
-0.124093519774459,-0.280858554325618,-0.0849195146742052,-0.345271393751764
-0.210774664897194,-0.221085165778777,-0.0825915902474091,-0.342302465424236
-0.200145586736735,-0.211877995289539,-0.09977433966215,-0.28005148114824
-0.157730753844088,-0.298583662063008,-0.112816096251631,-0.314368903228157
-0.0765414796594988,-0.306962876280531,-0.12119529707494,-0.287214950069305
-0.0814092669619708,-0.268638518476644,-0.0918950501903266,-0.231568019767511
-0.190721307138389,-0.186025513127862,-0.0792066239056212,-0.301270997744003
-0.244908866696665,-0.17664710904912,-0.096967402854759,-0.331082281858504
-0.187979187663574,-0.219171819052347,-0.091247128573803,-0.355169646765384
-0.204180527199063,-0.273761961216988,-0.0961394525146258,-0.386295230641657
-0.18019593908011,-0.20403120400651,-0.0999713938819208,-0.316054224567186
-0.195539645732987,-0.18611186111068,-0.0857127488865025,-0.295377255333811
-0.171352915782645,-0.291249341000004,-0.0922880958143264,-0.399495434244879
-0.152283854073495,-0.210569362424134,-0.0791636962979449,-0.212529114284565
-0.207999376243156,-0.218535730995621,-0.127719144330677,-0.354162371832969
-0.160970118256,-0.252199192698724,-0.117549815738237,-0.268177165732616
-0.203516687448982,-0.235761506744173,-0.100126713355153,-0.373902265186447
-0.388006835660733,-0.166467399755842,-0.0864583620024242,-0.433609736814682
-0.191578255933368,-0.24575706784961,-0.115199081778532,-0.319500333063902
-0.194548737670999,-0.24639543848477,-0.136000050666836,-0.338507486664348
-0.151878876465424,-0.243780432998482,-0.0973079554749535,-0.287980157233368
-0.21075335652747,-0.213174313072077,-0.110378712640234,-0.44637611243006
-0.20906153873378,-0.277556088808349,-0.112908172590066,-0.364451075155044
-0.274488517725997,-0.171615046908986,-0.104055931726939,-0.353135857086407
-0.15050422994258,-0.286963901493665,-0.100665360756959,-0.335026795243258
-0.102457653344347,-0.252769432982499,-0.0794398705728978,-0.225898696103414
-0.198812321628222,-0.22043615729259,-0.117629010086409,-0.358441597196532
-0.218617067869942,-0.227511899635228,-0.101713594520632,-0.357691031610286
-0.175274229322096,-0.238525989595783,-0.0541101912019128,-0.263885285750296
-0.0961683049784773,-0.322232994557789,-0.1224965142301,-0.368328485313215
-0.129631804288455,-0.227077370510219,-0.0718218127162194,-0.265394650880835
-0.136102406289086,-0.271220115137154,-0.113897676252595,-0.311607952005909
-0.146146632793876,-0.25487446483089,-0.103737662873119,-0.339041169821404
-0.242146957871097,-0.226743647287808,-0.0987796704598329,-0.372382776193896
-0.202689282356834,-0.26548518317418,-0.136320476052056,-0.352996337811733
-0.113239101559836,-0.29368560262483,-0.138183925928434,-0.328865793868746
-0.174442191405939,-0.215860359967812,-0.0984061340308564,-0.289326839837562
-0.21892559156453,-0.270741862039234,-0.122206437104368,-0.469544015023056
-0.204206144232702,-0.276035316910123,-0.109715672535372,-0.332197163431218
-0.10838645653231,-0.195076725956939,-0.0998738532038479,-0.288593781749856
-0.196603509212951,-0.228736688942305,-0.0923055437340981,-0.330116231293675
-0.147039580264108,-0.266046282844241,-0.115183989001514,-0.320758293127122
-0.168026071541005,-0.262993130123767,-0.131819724277282,-0.329649505958574
-0.209793530150825,-0.290661509011704,-0.107606887268637,-0.445796922613277
-0.268876949992543,-0.239894237065664,-0.0938324111296217,-0.358776313786849
-0.2248877151319,-0.258181178673153,-0.134313801185386,-0.368912281072065
-0.194447514150966,-0.222511535032095,-0.0833245370255122,-0.31530963516848
-0.0404540828777102,-0.321315461687755,-0.146058486372986,-0.307912993604398
-0.218323491541449,-0.253899003899558,-0.105303567311981,-0.346077695227964
-0.149533046491139,-0.30581683402643,-0.11180608585074,-0.363341130227735
-0.152820808848956,-0.217131671972652,-0.10035444149273,-0.304779033203588
-0.078689477614973,-0.326411079840192,-0.131517258201513,-0.342920096460912
-0.137889866894843,-0.248935049876707,-0.136996562404718,-0.314498297607738
-0.179386626620077,-0.274360560559705,-0.102771624507362,-0.410330876239219
-0.113946390173325,-0.311120273733361,-0.11773209952222,-0.300371376420012
-0.136784601737409,-0.297938148103533,-0.116905928532143,-0.271764982310252
-0.168038240042476,-0.272842420379545,-0.115042712410876,-0.384146982365627
-0.161061084127178,-0.304528867406693,-0.099143843149297,-0.386580174142049
-0.134472064933178,-0.249460256763552,-0.104701484945623,-0.324226907711253
-0.104404913826818,-0.281945065387074,-0.114519035156688,-0.276104882535459
-0.18383605457941,-0.230808763960425,-0.104210502736021,-0.26317475580483
-0.210533980159393,-0.217705008162822,-0.117267002026512,-0.360172803615161
-0.275178441588303,-0.202875675113702,-0.105248184021456,-0.370692198466111
-0.220808214162098,-0.190366516579223,-0.0999335737685082,-0.313719609081789
-0.182090477403399,-0.218503514979394,-0.0736389656041334,-0.296659599239682
-0.278839296264805,-0.218009465049895,-0.104662020620688,-0.356865400746771
-0.0745721072790092,-0.337697590240615,-0.127045636999113,-0.325275737553574
-0.123498093912754,-0.201774911832227,-0.118034686520933,-0.303066101021734
-0.15228073378377,-0.2823218512566,-0.119719159364022,-0.370562288766055
-0.162666816492317,-0.171068045567051,-0.0893811079541923,-0.246624219958057
-0.178618385878342,-0.248286836731976,-0.119796113894262,-0.315443481589856
-0.197405925706378,-0.236413739697018,-0.13090673250162,-0.312602698780621
-0.0943902849610933,-0.236443999653597,-0.118305153954714,-0.312418902329933
-0.170047639236664,-0.259862985271829,-0.122401136488235,-0.364895974722888
-0.0661123492158401,-0.362870104939998,-0.0918143170094724,-0.359237508549126
-0.183668317046106,-0.20898499607637,-0.0773077446289905,-0.305819175328441
-0.152828831366875,-0.336807181780575,-0.10667583371788,-0.351841260271075
-0.0722517584973552,-0.258762020903974,-0.0887446524470954,-0.241626136742372
-0.219143122786106,-0.204067694171603,-0.0785029164920816,-0.340558766397854
-0.135942945143401,-0.296450453794952,-0.0924639713424887,-0.295579673541746
-0.149292182888111,-0.196070417342667,-0.0903042596933842,-0.236816678635902
-0.0938335244027103,-0.241092339796198,-0.0944077392670146,-0.334986629076755
-0.316606326828955,-0.1509933855761,-0.0892448463971041,-0.378462378748611
-0.0687996656468709,-0.324081778765427,-0.151551915750616,-0.355658281514538
-0.225160393576338,-0.211353536431916,-0.0988605367932024,-0.357372659748048
-0.146035102770422,-0.273217470468512,-0.0984400023273807,-0.270790639145303
-0.187742154567962,-0.215123443210297,-0.119659744638873,-0.298240769611308
-0.0684461405078369,-0.293792482428147,-0.133934381963723,-0.280302857829861
-0.128365591059943,-0.234500472048154,-0.123229694100471,-0.286666131060744
-0.180804277390743,-0.227202118866065,-0.097728758745073,-0.292029198147192
-0.228050897145608,-0.268992842781298,-0.114501275324241,-0.405120743627333
-0.150845279832994,-0.258120839076611,-0.119169636270894,-0.288429547128782
-0.0901860124636196,-0.281911356304605,-0.0993267228196344,-0.301815486201169
-0.222269096779822,-0.291169650592677,-0.100097459634506,-0.391311193353331
-0.18921601619873,-0.251631311581824,-0.0855642480292247,-0.372665897379867
-0.225352966041561,-0.138763542558619,-0.061377401317226,-0.324552935059348
-0.232601224691189,-0.221026423485918,-0.110663429274999,-0.420440444297122
-0.235710120453361,-0.197079811353101,-0.129451992143223,-0.350314012753423
-0.200479729580911,-0.243071864816217,-0.0832529445256538,-0.294117291273601
-0.145467395787943,-0.361426436561131,-0.123764517283401,-0.357620549556218
-0.166811407945207,-0.220037586762509,-0.12728701814722,-0.342367081628383
-0.171934463202962,-0.181323512010466,-0.090725211713789,-0.300316052248699
-0.210982838945365,-0.327417260632629,-0.150741502271171,-0.399595120012081
-0.167895941560018,-0.236038832792274,-0.0795066160014002,-0.33333310556847
-0.207731335606819,-0.248595136212651,-0.121953377938292,-0.358815547761249
-0.218348548166103,-0.287677224730253,-0.12069005621043,-0.398896961180483
-0.248868541122337,-0.194991103439476,-0.0928525267688426,-0.341577659620886
-0.193222995419898,-0.261634196349584,-0.0804357207401241,-0.363182166299854
-0.248192440465147,-0.2025830687999,-0.104759632331966,-0.308699866936365
-0.148008524134243,-0.315725967322847,-0.165143672348755,-0.369348761440567
-0.164817283330348,-0.276783777966384,-0.152634233188736,-0.356353724110905
-0.130079389541535,-0.227775874563846,-0.111102802082026,-0.298291120800474
-0.207998791153918,-0.245296617355331,-0.0885139802429744,-0.347938279349108
-0.202834135408998,-0.249838835099044,-0.0972411369755348,-0.38091301472865
-0.217581882218264,-0.295931029131626,-0.113812671326037,-0.399958713615887
-0.199143418906148,-0.216798029728419,-0.0669067249385088,-0.289355451927524
-0.246689560874416,-0.214840055306694,-0.0936129039112946,-0.418457601652768
-0.247573781431773,-0.16974065743403,-0.0789970673744338,-0.282572427561415
-0.2262444106117,-0.22217265990103,-0.11417495584856,-0.341002884750991
-0.16131628907763,-0.206899934001368,-0.0868414975125459,-0.291563097131886
-0.224849726773494,-0.208299177364546,-0.100672213822909,-0.305455386484006
-0.161974145790328,-0.283321541438975,-0.0678961618553939,-0.302427146875318
-0.228091980789711,-0.239867711854432,-0.0710977032689268,-0.299338216513165
-0.200696537812796,-0.305550910661112,-0.165385373847943,-0.407849197576816
-0.158062912417385,-0.360579252087453,-0.140681637706132,-0.378552382188096
-0.253427487728106,-0.204445565881664,-0.0906650280132821,-0.374795328920419
-0.243845868259114,-0.161100397748077,-0.0680597592207824,-0.272843841130356
-0.153489771407608,-0.257143058582695,-0.145575921157468,-0.339213242940221
-0.173556705849508,-0.22092930154694,-0.0620446176466011,-0.291493040874902
-0.231493108174124,-0.201904960671676,-0.114002656406371,-0.318545966924743
-0.266554912085315,-0.280275129899662,-0.143599241896212,-0.441927992602449
-0.146037606789355,-0.135332939180489,-0.0787902857984433,-0.204448868424894
-0.251119462343903,-0.226105094481611,-0.130492109925196,-0.425934066210109
-0.0422638087420042,-0.229178852512116,-0.078146300705571,-0.244447513776875
-0.227100140262824,-0.170868064255957,-0.0730778409187632,-0.290143568350366
-0.145520722627832,-0.215291841571693,-0.0817846476197664,-0.33645167259823
-0.0995639353164325,-0.322017004109353,-0.107803838147371,-0.288939584673883
-0.166394637334965,-0.225167326026948,-0.0563031284997371,-0.294003324059736
-0.169236425617131,-0.267393768667846,-0.133335626694557,-0.317227743373281
-0.140054183544313,-0.287872934341974,-0.13263420813694,-0.344392018498994
-0.262637809719604,-0.172866695703918,-0.105185863454355,-0.367608716981172
-0.208390345595455,-0.169761560970462,-0.0978684716794928,-0.30153112396781
-0.187459301411598,-0.1795548070708,-0.0966920362226718,-0.268866804961656
-0.229108807754177,-0.23193478042837,-0.109884956996602,-0.364036761023095
-0.126789496204404,-0.325510978691629,-0.139654433559214,-0.348339522194021
-0.245708554286219,-0.206691596534793,-0.0852144253897359,-0.360906661402843
-0.0820807848614627,-0.311920351688988,-0.0688361848470774,-0.216216959637
-0.189228448338803,-0.258653418809746,-0.132229537373984,-0.353895895765217
-0.215231186620161,-0.319674183286474,-0.144012467537378,-0.417786942908367
-0.188127546244574,-0.219377657599098,-0.109075676784374,-0.379209075186078
-0.161386072413367,-0.214026112453738,-0.0885710947510222,-0.272877649930885
-0.158907204207481,-0.230940636404675,-0.0640333682144475,-0.295675277798251
-0.226650959753536,-0.200305500445964,-0.101718075855713,-0.296129556218536
-0.208077113359494,-0.253711515461131,-0.108442711868284,-0.395874340250287
-0.234638374933022,-0.219771614240793,-0.0946271290339588,-0.346020600936507
-0.264004589139326,-0.146054025548192,-0.0679631116672845,-0.302589481913818
-0.283306617434187,-0.207922513147347,-0.0969618092110355,-0.32379874469543
-0.255877755028064,-0.223027264704025,-0.0865607593798275,-0.363319922936094
-0.154575501074622,-0.256280822733593,-0.109103051283308,-0.38000572455132
-0.10006137452622,-0.310300600984209,-0.159399167649972,-0.303765044557418
-0.154099273151657,-0.254754423922367,-0.121559359822507,-0.373167496930747
-0.123526267265648,-0.296859401744007,-0.0892533852506979,-0.345368720544583
-0.142794802417349,-0.223202054530927,-0.0953587621314252,-0.300713561319649
-0.147474570304518,-0.246295935917688,-0.111288131799066,-0.337263453871721
-0.132497810196279,-0.281442461972099,-0.11100425829872,-0.390763799322765
-0.127637459059155,-0.223888378546661,-0.12155824682587,-0.310845816197311
-0.20528809454349,-0.242399977804849,-0.122578042870895,-0.397054669318857
-0.294468713994187,-0.18569516143397,-0.123120372740824,-0.36530230427327
-0.0743322092818576,-0.255554663458672,-0.111670026907332,-0.276745303183467
-0.198622232312528,-0.184486939266928,-0.0620766721466495,-0.263066092309961
-0.28356772236126,-0.205806327415206,-0.117240318309253,-0.377747705401008
-0.169402564681739,-0.29485671867972,-0.126781650412483,-0.318708829906919
-0.148721189988697,-0.287690527512391,-0.129983835674679,-0.342694525578039
-0.139868385701216,-0.270084093063738,-0.137566274600306,-0.377472305206048
-0.212275426937049,-0.206738452884097,-0.147161050873728,-0.361201674391273
-0.206644396255016,-0.164415849931343,-0.0905603261407533,-0.303641369306541
-0.174793212674936,-0.216760163505744,-0.091833693837171,-0.343533151996094
-0.233999198702011,-0.254550962661699,-0.109204750894199,-0.352585661416345
-0.147618732104963,-0.281369588029501,-0.121564926419922,-0.341362193600464
-0.236371144677598,-0.24909579105185,-0.0735905769131048,-0.320838159444043
-0.177631430462451,-0.226065350084323,-0.0899464810444179,-0.326048266541869
-0.128889695821566,-0.293790966875128,-0.121245139789417,-0.298319212225666
-0.0873621353730659,-0.243484467907306,-0.104047751533477,-0.279905043174338
-0.231160766166381,-0.222491481116315,-0.140494603654087,-0.409050069274201
-0.140871804456175,-0.218991203059767,-0.0883263642464026,-0.293822263757501
-0.275154843968403,-0.212051566971511,-0.0815719905868185,-0.401350271223262
-0.168792649136863,-0.215281059939159,-0.113988109489573,-0.298221358500327
-0.16052687159638,-0.233512088503728,-0.089668191748338,-0.313508847271246
-0.21697390167001,-0.253031003604534,-0.114872037535928,-0.367013824927837
-0.220969020314915,-0.216480943897354,-0.118523866772751,-0.375399793594504
-0.206057001319855,-0.220755095872694,-0.121843360674689,-0.393284169354573
-0.240394900642394,-0.232571319067979,-0.0887345528165251,-0.371272604705706
-0.21207408010027,-0.194021208722727,-0.105634382947913,-0.339990462355003
-0.18141843631515,-0.270854360320205,-0.116624709810552,-0.401962725985157
-0.208761482130715,-0.292443986062005,-0.141753661882748,-0.395721002744276
-0.126989742605912,-0.217550537487847,-0.0810564375669137,-0.243579288068498
-0.273778234473065,-0.172579512034745,-0.0997166943048869,-0.384607907722871
-0.173998073792421,-0.224702327026978,-0.117691346095975,-0.310542404053237
-0.208740113914393,-0.159504848046652,-0.0735340723007807,-0.257266754977083
-0.26724407648043,-0.239943084152521,-0.121576834738818,-0.342221476664871
-0.102265796053522,-0.279551626015169,-0.105081235423398,-0.305173942435023
-0.180680081813409,-0.234612268732708,-0.135485270556004,-0.329958574338283
-0.239501112044186,-0.210080066934323,-0.126908341521906,-0.352464939940804
-0.220574353647742,-0.190375012197376,-0.0921704536125702,-0.277009446091896
-0.269413500955406,-0.23709000148417,-0.11820986445397,-0.396707529710144
-0.04894007398095,-0.329308764434325,-0.125809916432666,-0.291955384478242
-0.239154481740729,-0.225629374969105,-0.110970054040971,-0.312434347440103
-0.181035519108754,-0.198004714630595,-0.117589233119254,-0.304348768923913
-0.221810533937228,-0.238943234994776,-0.0708460959517748,-0.293341896840356
-0.290462142306651,-0.202567138685294,-0.0762896519431868,-0.381924755641293
-0.130927554566839,-0.308682546491693,-0.148104053379586,-0.378009881309887
-0.224199304086727,-0.302609033510008,-0.16436724189687,-0.481598683711215
-0.205338828828923,-0.217063968914818,-0.120734369409123,-0.322929782836035
-0.208445627929116,-0.241554692925462,-0.115835174085844,-0.373957565872971
-0.176177459653588,-0.225895385684726,-0.109377942531091,-0.347698877190058
-0.179703127366166,-0.347386858761331,-0.153930383278819,-0.414055143865522
-0.242677454491929,-0.182329587474806,-0.104413804821917,-0.309288501843864
-0.150067688732361,-0.276895230126229,-0.107137281943881,-0.362073802101594
-0.176730899666839,-0.260322284546314,-0.0944139403806166,-0.374058939503757
-0.193455570471017,-0.172275532098826,-0.0783647937560616,-0.24612654507369
-0.178109031186338,-0.277740593676409,-0.147350219441232,-0.376205528551478
-0.10060198303764,-0.339831689367665,-0.161249356825068,-0.341809116131325
-0.214794442139997,-0.226212831964852,-0.100112158489124,-0.324167122462978
-0.194619845232357,-0.228282296172343,-0.10489170072549,-0.292281643074048
-0.176724040431855,-0.209130019974377,-0.0945712453798858,-0.281414730198705
-0.126964550133953,-0.267170841301223,-0.117703912533051,-0.337973088322788
-0.210221411568932,-0.146329524268478,-0.101538754514195,-0.297463220440144
-0.218484559291606,-0.168188773313885,-0.0892366219612963,-0.31154978195239
-0.292539063107152,-0.195932767154812,-0.0895599437859221,-0.379584131229115
-0.185492649874409,-0.229915697047128,-0.0997360730158366,-0.377740239752572
-0.205270632196856,-0.277052635781887,-0.145826012565156,-0.414354237250338
-0.179864032812566,-0.227769168724868,-0.128617793526817,-0.341383513401411
-0.099611947117168,-0.24364459848619,-0.108362753673995,-0.27998638052684
-0.17610077536797,-0.214868116697747,-0.101652536895926,-0.333093070882897
-0.19074705038157,-0.259290186707541,-0.0939208703462782,-0.271021673204854
-0.252440812033433,-0.226593772022845,-0.108682279210188,-0.358404080510919
-0.219342662740279,-0.216740786254773,-0.0940327607079437,-0.407075091039976
-0.160639286913114,-0.284091452606289,-0.13111533868272,-0.328606196895223
-0.247135163566044,-0.264908052745158,-0.125944836146847,-0.41543001139464
-0.199043905589842,-0.241847421034594,-0.130992212275974,-0.407924980660717
-0.206465251512901,-0.225864032567982,-0.0917271482798103,-0.34779889836271
-0.150158263258066,-0.288187155345215,-0.143547328030557,-0.323549759383978
-0.134830320945874,-0.226342589741744,-0.134344942550607,-0.329273342200043
-0.225112769215868,-0.231867300155254,-0.124247730646121,-0.361417454621821
-0.0993806462897178,-0.323070737480937,-0.149187327878977,-0.328074457310316
-0.0814014979778916,-0.288523389283205,-0.139913165795311,-0.322030442526052
-0.203239054349536,-0.227878042391726,-0.122673789923351,-0.368528046570022
-0.120573053237489,-0.214872636844427,-0.0847394847647225,-0.263003044098709
-0.251269574344211,-0.188340038242205,-0.0989043281292411,-0.317882197415353
-0.249512850505313,-0.216550828120077,-0.1280650070945,-0.366801282278795
-0.0960967340820492,-0.333618438203784,-0.132907461070942,-0.392059629666243
-0.144913046927028,-0.236559065275921,-0.115132809633068,-0.311793271651821
-0.207608950471025,-0.258742678938874,-0.105122546593317,-0.391027332897113
-0.20819288788308,-0.254916135916608,-0.119431395031022,-0.358469193447723
-0.17667192120826,-0.246966135268752,-0.113343771444251,-0.333982796846396
-0.164377796797587,-0.216194159978276,-0.115950638198399,-0.296411595462247
-0.276757647301286,-0.195917649929458,-0.117332801370198,-0.396131196670868
-0.178164097279227,-0.305925497765123,-0.115723860632191,-0.411222696345904
-0.0742591957681098,-0.279256931554082,-0.141566646731192,-0.283715037131874
-0.180217348672069,-0.213080514775853,-0.0894217924046577,-0.326735991378046
-0.183973292472371,-0.229602541173926,-0.111677793200855,-0.289241894565386
-0.132528397489422,-0.298626107740129,-0.134221001662191,-0.366633708914058
-0.202835920693983,-0.295859444926967,-0.119154540290112,-0.402911942177277
-0.0725312155706346,-0.296433819315659,-0.123026104336875,-0.309822488775569
-0.115574083912977,-0.31682560849209,-0.12996096748056,-0.338163830798521
-0.149139339145208,-0.271180744028747,-0.129069835109978,-0.316360782237432
-0.232279090930331,-0.177600082307325,-0.110081571949065,-0.293982738892894
-0.190982529583443,-0.242431694947534,-0.0638141776153326,-0.32450454208185
-0.207335703355225,-0.207096280790144,-0.116949602534532,-0.331814194753362
-0.172723364771859,-0.254296420233196,-0.105964744930124,-0.351079681685505
-0.22055425100639,-0.238753652299865,-0.10529265534829,-0.343274038060525
-0.226208623377971,-0.27282910794714,-0.120674291281376,-0.372090140328208
-0.306712049915318,-0.130131320544099,-0.107934626506992,-0.316076357345875
-0.10060113860109,-0.323515382938882,-0.128806525128353,-0.367079107692399
-0.130219956143334,-0.33509289946314,-0.125293504138432,-0.371606884735815
-0.142055642703643,-0.244227127496396,-0.10730049869878,-0.265946617186623
-0.156045216086285,-0.189428882551528,-0.120215178595486,-0.304528912037353
-0.263958398662354,-0.208746449508627,-0.1216978774003,-0.376906643253233
-0.139155633651325,-0.329572002198222,-0.121935286727535,-0.37425883662073
-0.216851041804413,-0.253672477935258,-0.101033008895959,-0.342782498137317
-0.14914782256403,-0.247574630837092,-0.147009528045422,-0.303477281760303
-0.165739638731389,-0.245864724282291,-0.0986793455763078,-0.340597287045213
-0.219549522788595,-0.152978281009978,-0.0792146675349278,-0.319099986059097
-0.205290695743639,-0.228818030327723,-0.0943683284126817,-0.357528613736406
-0.171326793129324,-0.266823269022026,-0.0868166760849054,-0.325935630938602
-0.246889599770735,-0.218499935882225,-0.0844653596359686,-0.381674825046818
-0.148157186752116,-0.25661624265327,-0.105818773823777,-0.323962729304352
-0.180695373432042,-0.231136053964318,-0.100677442965941,-0.330120260897394
-0.100995183999333,-0.297061208548343,-0.0875501810622489,-0.292658908018752
-0.187861799831481,-0.321838481246926,-0.101352150711355,-0.444225264817974
-0.195269342534034,-0.311023532627059,-0.0882109083001205,-0.36151557729715
-0.1595730860393,-0.265352191261705,-0.10805366712884,-0.304280379360406
-0.177847189752075,-0.247887750829114,-0.118672245704887,-0.339418289135692
-0.14939489301962,-0.237315142299158,-0.116345811717093,-0.306341978640622
-0.307720313245508,-0.132238525924301,-0.0848047434772465,-0.395146155358634
-0.314049008939289,-0.227227946851164,-0.130545343538954,-0.442151798323511
-0.224631293564976,-0.192953584457964,-0.132438581333921,-0.394487727147193
-0.328306168229599,-0.162547409177766,-0.123257855060444,-0.430720168201639
-0.137319128824633,-0.28701862109468,-0.123186776701237,-0.315677059491102
-0.150436344554386,-0.235998149351719,-0.0976245716326153,-0.323868980455893
-0.20134526847901,-0.244319351931167,-0.0922396387347723,-0.304346962111735
-0.216089302729746,-0.283056961725712,-0.111841424881902,-0.392851093541557
-0.148567365159234,-0.324234201166812,-0.0921491485048577,-0.32689783592708
-0.199846025126518,-0.18542830702646,-0.0748229012444823,-0.304530056718949
-0.21348806481462,-0.274779986964599,-0.122432307481491,-0.413110120643806
-0.211581100356127,-0.184136199409953,-0.0827979281995083,-0.31912340169709
-0.211336183249332,-0.239098610301263,-0.120203280540651,-0.330584812956652
-0.196555515068104,-0.238574922639421,-0.0994698892474362,-0.316712025949931
-0.182684855173287,-0.238133882324194,-0.110197892291838,-0.321385078382364
-0.223755073639989,-0.23353205519508,-0.0864291666836447,-0.367494531548959
-0.192413180144674,-0.208739191051424,-0.0950316172429696,-0.311032669391362
-0.141107557302013,-0.273149174958631,-0.109592013022501,-0.340236220079292
-0.128463226553389,-0.268176400972927,-0.0950081473742023,-0.342518110171537
-0.178226394243272,-0.263670909602326,-0.0872383329549086,-0.382336512521277
-0.154685976150437,-0.28127454763261,-0.11636616640523,-0.345241731167987
-0.117075453803155,-0.269391181535652,-0.107445529909838,-0.347778430221222
-0.132175382169219,-0.239803662404706,-0.126083599288356,-0.328502498710824
-0.190934314506927,-0.266990511122301,-0.134097436367016,-0.427468680095611
-0.214702873786538,-0.249041844464159,-0.0858341047119671,-0.370857914985807
-0.238305533664668,-0.213165069503743,-0.106455217157033,-0.35061166326543
-0.15834517852408,-0.260670207260435,-0.107307033823065,-0.296783720396763
-0.125763758472085,-0.260272559716589,-0.118472092761747,-0.338182504994544
-0.135451314283561,-0.227618065631323,-0.0984765222182298,-0.308560626375859
-0.176038165401943,-0.284177096499188,-0.105996721581389,-0.376486302812142
-0.170665539905616,-0.277386535420008,-0.108146215088116,-0.345291499705953
-0.134011996015158,-0.297488913650208,-0.0994853028577248,-0.353034141970375
-0.177411194603792,-0.272958369204459,-0.112445726612338,-0.31303742566881
-0.17242038660069,-0.279948262752518,-0.112610833200441,-0.302133706851666
-0.130715886336848,-0.232715622640573,-0.129704025186377,-0.313986518750802
-0.118335984527889,-0.349368455086604,-0.111052175063856,-0.312196453146386
-0.0945672621511371,-0.282628862782924,-0.112535056285012,-0.292823398149044
-0.1718426228938,-0.209922655261501,-0.103183763498233,-0.332970743727163
-0.222301583521759,-0.234089187402108,-0.109947520666596,-0.365266409131072
-0.237486890471377,-0.255063796485235,-0.122433052410746,-0.417651196772483
-0.216411919887003,-0.211259689047928,-0.094262663099907,-0.321576954700334
-0.188680415574028,-0.179508011188063,-0.106123960287797,-0.279470051258545
-0.241697224850169,-0.154518814645205,-0.12367552823622,-0.362684473905199
-0.283598569361947,-0.172306834053346,-0.0797620907678251,-0.367218117909339
-0.147726223865758,-0.307860002534788,-0.115927286102917,-0.361248604374059
-0.199334738350129,-0.224406379950527,-0.0902019638617945,-0.318818667025695
-0.147478629690437,-0.254604380053988,-0.10431438851405,-0.345011085903651
-0.218809617488413,-0.255780467099333,-0.116575058218936,-0.384316860676491
-0.215526522188198,-0.260893192720801,-0.118667151613316,-0.364725787790649
-0.221767566867861,-0.239130527243495,-0.0982822760060693,-0.364601273397252
-0.18947307462963,-0.166769351599238,-0.0692401426943898,-0.242438819153029
-0.18794053374384,-0.237441741483621,-0.0705653224312164,-0.305151675939103
-0.20302820663501,-0.184055689400149,-0.130341904512762,-0.355890958171582
-0.107287309324626,-0.329116186657659,-0.11759373875704,-0.325486251556602
-0.212067762151631,-0.236518664969813,-0.127620514096968,-0.375805505090063
-0.153364389458595,-0.26792834039597,-0.107235702808129,-0.347733998376444
-0.15119430687261,-0.170614354819234,-0.108459553055927,-0.233938492695849
-0.230308774183288,-0.192259878162499,-0.105099096323059,-0.327916198776657
-0.196998026562046,-0.273851174485424,-0.132307076572594,-0.381866414912617
-0.109248474858525,-0.28311287960081,-0.0956344669841162,-0.315254829088862
-0.189217843761188,-0.280304079127602,-0.127556314339192,-0.355154802040763
-0.226169318921103,-0.0901381923795581,-0.064782651032481,-0.30522158578429
-0.192219989176676,-0.376654074336124,-0.13959671433773,-0.472607835644045
-0.268960731620515,-0.273715097672849,-0.142923052829445,-0.433900835083333
-0.253414583101065,-0.176651090168804,-0.0851328142456616,-0.336268144746172
-0.291185113283407,-0.252892738964937,-0.104277224290544,-0.45426991666365
-0.120670286020296,-0.298289485177663,-0.135122176696843,-0.378721721079046
-0.203736832031207,-0.213269393889962,-0.0904718932671393,-0.303968754818482
-0.158932110559941,-0.265855293883452,-0.104890193040748,-0.306557631877137
-0.251566550044713,-0.319933205401141,-0.0977941286738194,-0.396629765370978
-0.201893574064849,-0.193844250583817,-0.106374549721968,-0.327014806037141
-0.202335365540359,-0.234240977974703,-0.10654395250802,-0.33027385863207
-0.237692451138004,-0.196915149287014,-0.113407684398587,-0.35878833331722
-0.207789028437201,-0.260916859544947,-0.12141254609782,-0.40898363887331
-0.133691009901013,-0.264782272998132,-0.111375852869652,-0.317680931574811
-0.165428794873817,-0.278270990670279,-0.12709539946375,-0.376626215240824
-0.316160903628862,-0.210606815897108,-0.0606110186850441,-0.39631392147736
-0.174680329627042,-0.252921831571575,-0.0927867680701902,-0.343549791307045
-0.0997392258776746,-0.264029949593904,-0.0859156181247668,-0.263880094419827
-0.296095921649222,-0.205202252383977,-0.0903999874879327,-0.334648654673269
-0.166858869417383,-0.224874555494584,-0.117244444925338,-0.344679783087247
-0.183364171346769,-0.228917659350972,-0.133698998715541,-0.312948210695778
-0.244683139710888,-0.199439204983933,-0.0849799647625339,-0.361263653484427
-0.0287527741273991,-0.353702170326062,-0.117608127188112,-0.29167787745021
-0.124714846691496,-0.217974942521691,-0.0867673601388092,-0.248644249639047
-0.231751507734081,-0.127750312618934,-0.0857985582045473,-0.2863138313219
-0.247709958077474,-0.190111836258443,-0.0567200536365722,-0.296176040182792
-0.166988733040238,-0.217377665829186,-0.0800189999950825,-0.261739801718798
-0.232474090027129,-0.228241933613607,-0.112557081335511,-0.259314069159588
-0.292247021074919,-0.175218373361338,-0.10443827774253,-0.37316241279276
-0.219234110809646,-0.20459348118298,-0.0745662836496541,-0.349380523289082
-0.189475308542878,-0.21037961670583,-0.10091182000058,-0.316956069232302
-0.078850302313107,-0.216517067079205,-0.0691472863967947,-0.23496946241081
-0.207560342240143,-0.284900909535468,-0.113901210830592,-0.418697009000357
-0.215672857811445,-0.233051282034373,-0.112758102987698,-0.369124626057529
-0.12875804904882,-0.233626847121937,-0.0909174664417275,-0.286477231316383
-0.135330054979809,-0.235835221660879,-0.119134512307457,-0.288861014725325
-0.20145851894283,-0.285562752091957,-0.105548742911613,-0.406976574636943
-0.185626590404335,-0.271127564387678,-0.141883188477548,-0.400336312078806
-0.0817231190403,-0.287611108123542,-0.107248959262643,-0.252575192003262
-0.187859483633952,-0.204722354638118,-0.0790646421918647,-0.297827798013444
-0.153367269338679,-0.244722504637069,-0.14610136662895,-0.331193092137859
-0.202293164469504,-0.199978414133358,-0.0750426547954126,-0.340244168115532
-0.152573178984028,-0.328760387092367,-0.142516281510384,-0.39113910630673
-0.177522103130438,-0.186057926025134,-0.0769953694925106,-0.252959078839135
-0.173697804458274,-0.232420976479641,-0.072562972006038,-0.287463015323873
-0.157249033582392,-0.26748704818933,-0.132016256081856,-0.375267077133065
-0.199300807577888,-0.286502805684354,-0.0956630504094599,-0.367735806969789
-0.261978220363409,-0.182717685692809,-0.082526017437983,-0.298058871513063
-0.234547579452332,-0.120774043343533,-0.0825288905930646,-0.304286447096752
-0.273802224716726,-0.175423603939013,-0.0795037247404562,-0.348426211404462
-0.259755617031149,-0.209861910515762,-0.107698365848708,-0.402419457450549
-0.272285874889231,-0.237313784208425,-0.102590830429059,-0.425077282801594
-0.215429181967397,-0.193524322691396,-0.0353284589592822,-0.301040781050687
-0.294068073072397,-0.172879597511268,-0.0950632702567157,-0.355693020161151
-0.112172809810095,-0.255912729744342,-0.105365239499968,-0.33192736023076
-0.095848773145754,-0.313226160506136,-0.112267929434275,-0.311827556316304
-0.137505061558725,-0.198528367062229,-0.1024507000433,-0.291972734588507
-0.172430304003836,-0.252961218462409,-0.0933194941269938,-0.299167831488538
-0.138697873444886,-0.227937775583764,-0.0827924405596642,-0.254782638644762
-0.191682568823004,-0.280907594321311,-0.138128345682626,-0.389090905440022
-0.215447991737422,-0.241427256754622,-0.111321418298314,-0.405591163200002
-0.361480324002623,-0.177169430954531,-0.137432239874471,-0.446711911875827
-0.196904518125826,-0.169092962144983,-0.0956361071749683,-0.34105310499407
-0.161010281810511,-0.24319069426686,-0.100433302462792,-0.287643739439904
-0.144900033440061,-0.206811304417704,-0.117001538962981,-0.300565982544305
-0.159451832825151,-0.250287940453119,-0.0721396969718012,-0.303788571250553
-0.125615209240713,-0.193575359371435,-0.0991763915303074,-0.25536502305181
-0.198427853355225,-0.213864886779684,-0.0862261896352596,-0.339656678485053
-0.128956433084682,-0.294042737103104,-0.0854303361729777,-0.313464802643832
-0.156463032242452,-0.252235830673322,-0.116922796691063,-0.298856568681176
-0.239847791640481,-0.20198127181013,-0.104085342450562,-0.311973837108645
-0.124012011626117,-0.29368597676993,-0.144342249495963,-0.34434207782715
-0.198499149269406,-0.249821548128517,-0.0946466887906504,-0.364938804874751
-0.147250128868819,-0.266602523252175,-0.113672196717583,-0.342938542248796
-0.195353586401302,-0.163203923263539,-0.0811634694216631,-0.303849987017336
-0.195771043475203,-0.28691046854711,-0.109993555483034,-0.400593899475737
-0.167470664903992,-0.209704747526727,-0.14929746308252,-0.314457785402042
-0.202751751702103,-0.168498222797399,-0.11854188814848,-0.286457103936947
-0.118066002359801,-0.327813063873488,-0.136299297593258,-0.350815410933515
-0.126725442134853,-0.2696967093218,-0.0901372851620654,-0.291391445564469
-0.214165922167927,-0.229822535061198,-0.103338404819578,-0.377296808608642
-0.135932997055889,-0.200871508210929,-0.1237427123208,-0.266644977984697
-0.111287515269917,-0.326116341172532,-0.11539906656742,-0.336649347103686
-0.136269048566509,-0.378879791587844,-0.162509919177544,-0.404144254220032
-0.247650701855303,-0.2004253546157,-0.141381030695719,-0.389750141661409
-0.122310207954867,-0.307333930250279,-0.124024431251518,-0.357661161636442
-0.27069453715253,-0.193516041453425,-0.0847331452472164,-0.389938209497913
-0.26271842274184,-0.187013128129986,-0.105531770140899,-0.347614160888395
-0.104248733443107,-0.274019518581641,-0.113001829177165,-0.301717847517351
-0.28509362187864,-0.253823368130837,-0.131230412787547,-0.455206631747384
-0.253010781622138,-0.203237883591226,-0.0854378150909363,-0.317535124542826
-0.210989798684282,-0.208424139292285,-0.0890980021211718,-0.32205685772426
-0.149282948010368,-0.229147249486897,-0.073576436338293,-0.30440888096924
-0.2123875826595,-0.161830288552097,-0.0749007529242406,-0.347091686233462
-0.214644892632506,-0.21013955454534,-0.0667551558970671,-0.359761222743261
-0.199998769560348,-0.258608551663444,-0.107121797133878,-0.345798420308783
-0.178516563085913,-0.257596619430619,-0.11523170024408,-0.369860369563593
-0.141501091120621,-0.247057545683258,-0.119446021239199,-0.274407406142256
-0.192543916095246,-0.163364507619396,-0.0955211503827658,-0.287479361137842
-0.1073789243871,-0.297779169470819,-0.104700054899225,-0.299709572763334
-0.264074236540968,-0.220921293141564,-0.109344523294344,-0.36476318762361
-0.165420530832013,-0.272301212921451,-0.130707629212576,-0.35775722785299
-0.145839187278083,-0.278850009961717,-0.13532561221785,-0.37624139668705
-0.202668190899947,-0.197687345263051,-0.104459334400326,-0.320199710892774
-0.202167876674942,-0.250596177565145,-0.10632899939228,-0.347443990519545
-0.225556179739905,-0.214733645626936,-0.0925481254186154,-0.31318372487521
-0.210574271521968,-0.215632868540221,-0.113907321256289,-0.341484890564528
-0.198560638764313,-0.210374666250343,-0.0923315566261304,-0.336198790028751
-0.208845662212294,-0.272864194734505,-0.0956664482309698,-0.324893884417029
-0.172452872550375,-0.285877956701993,-0.132104509461166,-0.332749905134683
-0.294905407656218,-0.201445193711054,-0.124497895566273,-0.411903222480446
-0.0969191812943449,-0.25881698661238,-0.0989661246562567,-0.270459752560322
-0.170494424544705,-0.261415259639794,-0.119444987833105,-0.360085293017222
-0.152806774878895,-0.192153951184402,-0.114495813634478,-0.296121588038677
-0.144610388728429,-0.244965802132117,-0.0899962063711163,-0.29868346161881
-0.184972437482773,-0.228738725245637,-0.101980600115115,-0.330414120637496
-0.202053071191575,-0.268203950414447,-0.0950398460866437,-0.32870320237626
-0.189424737195799,-0.22684705252689,-0.119707829075058,-0.340188676615704
-0.190085101417078,-0.26179338459552,-0.133023221031128,-0.34626254214697
-0.166668122585266,-0.223205766861764,-0.0850796410254051,-0.317620845971133
-0.265758696342803,-0.172980784815426,-0.125960691248515,-0.362056366184733
-0.200428726359968,-0.223356110235159,-0.0820609795492436,-0.326769501423089
-0.0354419147715355,-0.265531591661423,-0.103391964145676,-0.282189659380982
-0.153753726848325,-0.267441406531495,-0.119182123176068,-0.35477445927727
-0.231396434739577,-0.309500269261237,-0.112839940488287,-0.415333742059541
-0.130712052302731,-0.231917264917261,-0.0993862322310656,-0.238231738394422
-0.195861205041419,-0.257180246934348,-0.126438180135059,-0.378510748530822
-0.159400955453736,-0.232154569530063,-0.131241808221647,-0.325188406097144
-0.179645088413176,-0.24667581133088,-0.115626397601338,-0.327343954654334
-0.109820954507255,-0.204469341774034,-0.092432703968601,-0.255061074838817
-0.194660805255573,-0.2569578937542,-0.0883737091162941,-0.305784478152463
-0.243887863388103,-0.252751137768063,-0.129407884104892,-0.391857798679656
-0.0709542793212959,-0.276480871575446,-0.115866903402939,-0.274219432312469
-0.240457642292745,-0.240419038489956,-0.121508874707571,-0.372558784009706
-0.130529415614644,-0.239591977986583,-0.124535487096338,-0.331492405229001
-0.330217807198525,-0.219585743896373,-0.143978278633872,-0.45082836207087
-0.171319780382576,-0.223986611980568,-0.0691502891496945,-0.282722970742261
-0.183293947552533,-0.188307356119322,-0.100847590510994,-0.292086600727788
-0.245332287434557,-0.256098910291243,-0.103368900111096,-0.42463669703846
-0.217579038754371,-0.236370460936498,-0.109555845416055,-0.378997713527131
-0.164611892272906,-0.242884667470285,-0.127166640464772,-0.333843968118671
-0.167572866074001,-0.276665129200405,-0.0935347658955093,-0.342222605561705
-0.222291102679288,-0.207045046520915,-0.120348233122264,-0.375507156745929
-0.171077060889105,-0.275063398503746,-0.123640543230827,-0.364525138350844
-0.141191332313064,-0.338484101025423,-0.142938764596105,-0.368789780048417
-0.265322586465178,-0.1904512008289,-0.0765937595530042,-0.362516320404606
-0.0996497593177538,-0.261182991217225,-0.107591727043296,-0.310987874733614
-0.209794626050369,-0.209825445989051,-0.0842015553548056,-0.400702477459702
-0.193535349739385,-0.235879334251565,-0.11107581835804,-0.385001422060056
-0.225872047907969,-0.210489957204209,-0.0967680160351826,-0.287253153282233
-0.213616082994977,-0.340039342437343,-0.150396239480479,-0.46338312092638
-0.0527347830499395,-0.382467816091727,-0.128406414815408,-0.325721308497443
-0.10814236885814,-0.299167738464882,-0.105895166161194,-0.294139304050812
-0.228356407080678,-0.213420807957689,-0.0993469647233078,-0.36339071365469
-0.180814424760217,-0.234234621880235,-0.100691710136102,-0.33588562373718
-0.100541229609799,-0.227572117079426,-0.0864505710133792,-0.24551168248989
-0.119928691164835,-0.230178435718695,-0.119837210045783,-0.294757802827935
-0.251667662888751,-0.275307163458944,-0.136377340039223,-0.418287455088969
-0.187533192443569,-0.195238412518305,-0.115692972683773,-0.316358526811364
-0.176242974466229,-0.295149370838393,-0.122652090191583,-0.429386980673386
-0.129762293616712,-0.262187241014451,-0.0619924902966184,-0.26564269307871
-0.255109507052765,-0.231949875617576,-0.0962742194153417,-0.424866997715172
-0.109929401720291,-0.249444668183266,-0.118028980709509,-0.280282497940092
-0.0708818427664458,-0.244947094742433,-0.0877708054877702,-0.257908728900608
-0.130619811830041,-0.233196617697198,-0.11127186497712,-0.286853178201268
-0.198034061106078,-0.19659070119837,-0.109772471054948,-0.26737414577896
-0.184599023700205,-0.29327003591401,-0.106099021111136,-0.393500983457692
-0.199079013519129,-0.318298800396765,-0.127220610709377,-0.393083388033714
-0.205811994510178,-0.217486552090638,-0.100179051658195,-0.345377076977008
-0.238710279137816,-0.161565269060619,-0.0906793619279085,-0.313694651355555
-0.171091603367181,-0.156405854033388,-0.0753552247897401,-0.264914524488899
-0.226324800211984,-0.259351038126882,-0.100488494963481,-0.338546180960472
-0.142282118447272,-0.317481234840654,-0.118728974508394,-0.328354098216356
-0.0891618463424279,-0.231931452837386,-0.0872672096172431,-0.24869748368884
-0.14634988806201,-0.312124525370196,-0.122519832150106,-0.354603832973318
-0.131757266497797,-0.263504652613925,-0.130033920450853,-0.310508735453832
-0.144124849764164,-0.296201206131404,-0.128722832273133,-0.305289141726986
-0.101534890558198,-0.309648264158422,-0.121905818067787,-0.314219885410587
-0.192026157488259,-0.249785946842895,-0.0953207010282943,-0.379524069964627
-0.126069251299194,-0.221039092806672,-0.125512544403532,-0.253659609559602
-0.22287705593431,-0.187065069049163,-0.144946046935726,-0.407884874247802
-0.0772042236965803,-0.311382994990336,-0.111264222267614,-0.351630294559246
-0.212212895152661,-0.253480518035551,-0.118807071133902,-0.391309456235953
-0.214222947012254,-0.260856444721378,-0.123905373997673,-0.408387842229942
-0.338677818682383,-0.206241761585691,-0.13337293063686,-0.412243630124945
-0.162282408913012,-0.288935069415984,-0.118049656128463,-0.340187436267096
-0.171819980979131,-0.310047150360976,-0.122739466443977,-0.328052474331165
-0.118340048430595,-0.242518587596891,-0.095564683963083,-0.298234787371358
-0.14798884834245,-0.295109740251745,-0.115422637677382,-0.355202576644405
-0.158682063476539,-0.313821724264721,-0.112639158472294,-0.338795268110777
-0.257627571991096,-0.305480333311753,-0.127755265899835,-0.439224209590417
-0.217171148195433,-0.270181358931043,-0.108373562155251,-0.361150858760106
-0.0905709734261807,-0.353164921460993,-0.110803054187009,-0.365314636986462
-0.189313413964189,-0.2625242884689,-0.120801687505469,-0.377143089704363
-0.26825675490137,-0.225920875147914,-0.0959285160636208,-0.384155028390118
-0.256349595510042,-0.220061434004039,-0.0865900267474541,-0.376424039234289
-0.14404883274156,-0.218328243069958,-0.101818562881162,-0.314112504859635
-0.127370698145653,-0.320715674692688,-0.0925810452440198,-0.376259049908093
-0.0993526448302245,-0.268027417196135,-0.0961790840500311,-0.26891045529926
-0.111925840148771,-0.265551668509888,-0.1093728521627,-0.276796142519032
-0.137423766297542,-0.286922543059784,-0.0915360948558489,-0.339206755908275
-0.211482979312777,-0.265186291584732,-0.131200695449597,-0.399053466681276
-0.10977360671446,-0.153338812267653,-0.0801129489569997,-0.237028021338967
-0.183460307494404,-0.20150185923603,-0.109464866178034,-0.300134430897386
-0.186453693143232,-0.230789434531774,-0.139689419620983,-0.290826435847121
-0.189254177027867,-0.229448793143455,-0.0979652794822163,-0.339977700030294
-0.222456035797354,-0.260548911059814,-0.117683193753302,-0.369491360474567
-0.0990124712893006,-0.338407696071421,-0.126439640085296,-0.318787679937742
-0.136692106208409,-0.268586733471842,-0.148627469905273,-0.317185181600739
-0.183765402135442,-0.258571735286178,-0.105118804389306,-0.332832391459478
-0.280738644450575,-0.288772253156169,-0.163745705959359,-0.431746085392022
-0.209164601327057,-0.266594887057954,-0.111727249541506,-0.444028626955327
-0.0682603214532231,-0.260067337897028,-0.112040610619043,-0.237807592972166
-0.169044074058119,-0.325425457335987,-0.16389064015328,-0.395503188741072
-0.127550411406325,-0.280822012649225,-0.0951044260875491,-0.265125477514842
-0.125254292958489,-0.266954183489767,-0.107454742251949,-0.299364874961143
-0.144540008861578,-0.304183158197826,-0.149275689592684,-0.381396209542073
-0.16389845242733,-0.305788583342369,-0.126958024630649,-0.346396483307531
-0.224055447864295,-0.22433729137922,-0.108396823445803,-0.362062880953631
-0.125494566819733,-0.277444978750492,-0.121077152441886,-0.307216989331366
-0.0926329110253504,-0.269131640056018,-0.127149263559684,-0.295636523230198
-0.202731247466136,-0.2059680348882,-0.107661915975672,-0.31661026381067
-0.223986139328871,-0.200995956862198,-0.0790350740345401,-0.32763514406553
-0.319790000208691,-0.189357543837884,-0.108656538375663,-0.377880051892627
-0.201812844147866,-0.261638021491428,-0.0922712600795411,-0.327538953993838
-0.179820282758688,-0.169382396040479,-0.0840299704746828,-0.275200002831845
-0.074562729055732,-0.341722723599406,-0.125480902927703,-0.332480619893961
-0.222647006738536,-0.162167530128137,-0.0852187724702193,-0.267626685184099
-0.18849512137911,-0.240770760101301,-0.0902694012025641,-0.346166474140153
-0.0982930453151023,-0.272551882901515,-0.0703988779668055,-0.278964389652288
-0.170149921808092,-0.23124603291179,-0.111587106078207,-0.279024578878806
-0.117908983250005,-0.312351514458438,-0.129986442005038,-0.351847852204042
-0.255042508623408,-0.108123458346434,-0.11889257832788,-0.334658110312253
-0.213196917052937,-0.221494040681869,-0.103622526939542,-0.340885034341235
-0.168756447554677,-0.364067028998627,-0.169108877971165,-0.407393178887717
-0.231217017641224,-0.172548900797622,-0.105306071923997,-0.297351094132682
-0.172341439047381,-0.221409972283085,-0.0835907346956708,-0.314769379017639
-0.157321286672155,-0.221181705667281,-0.0936811131585277,-0.303117052266739
-0.233970729400658,-0.214828069595214,-0.0786463040126014,-0.318403149659912
-0.139218719612636,-0.293561425604557,-0.115058463965495,-0.291534234189226
-0.137296009817844,-0.283413195594,-0.100636613019121,-0.305446022474759
-0.160233437144112,-0.297145103279959,-0.138482828020861,-0.393284735461197
-0.184480352752436,-0.268620284383137,-0.109227357548719,-0.302610296282632
-0.18018195935725,-0.236645876052917,-0.0725065210984351,-0.315508955438705
-0.180085953933961,-0.20140321754613,-0.131264048100113,-0.300563677162838
-0.118200495319943,-0.36473443997476,-0.142565305690431,-0.362664042972522
-0.167602372651131,-0.239935544235532,-0.116621208946082,-0.352770979038295
-0.0964902656036048,-0.254516999769851,-0.101800434858262,-0.235376338360655
-0.110972812284475,-0.230913793993835,-0.0906363065628311,-0.268961588522266
-0.150769663710885,-0.234294557141527,-0.0962624743177792,-0.247822622331394
-0.202885004117966,-0.230820245427671,-0.122950117037968,-0.34887349372855
-0.202552643717295,-0.198466795250128,-0.10123763934301,-0.372211486546961
-0.224440602171101,-0.244520756921708,-0.0867340454412333,-0.332826148095154
-0.15901562604514,-0.291645582825752,-0.138068789824906,-0.39608049737787
-0.15058536653812,-0.24337331086658,-0.091336968144134,-0.286468248384022
-0.308321809719235,-0.184556234711636,-0.0786144395568414,-0.336713893408639
-0.224572504585618,-0.206202372130927,-0.125193117167696,-0.387960559588807
-0.164954557381118,-0.224859705252509,-0.142534464298119,-0.299292170600463
-0.206114429529101,-0.203639401044353,-0.112831348929582,-0.273260658514774
-0.135314467346984,-0.255826128549836,-0.107469837676212,-0.307531515725562
-0.292077504884878,-0.209865496178638,-0.0925742621785494,-0.35676127988243
-0.125977415742032,-0.2390710867304,-0.0774812794460687,-0.257300188144688
-0.224831019249494,-0.217004694499682,-0.12527438102548,-0.331720354648544
-0.259279027443469,-0.200527538069649,-0.122356260329634,-0.392952229986377
-0.141813014434567,-0.290156769998256,-0.10668841635633,-0.336559792706791
-0.218816386579039,-0.230058549299651,-0.12667589011714,-0.354163162925833
-0.10674159690812,-0.23162985375415,-0.111336387890861,-0.352127171522311
-0.201955156833141,-0.242083716747108,-0.09824254821456,-0.338316969016953
-0.17385922207436,-0.28387624890357,-0.125796460536394,-0.355721517423253
