Parameter,window_size,True_value,Estimate,Std.error,MC_std.error,Coverage,n1,n2,n3
(Intercept):1,1,0,-0.0242918213612064,0.201383424916929,0.20195542019114,0.953333333333333,370.212777777778,544.310555555556,332.446666666667
(Intercept):2,1,0,-0.0304445168539064,0.187567805879691,0.186597133335327,0.947222222222222,370.212777777778,544.310555555556,332.446666666667
Covariate:1,1,0.25,0.257467895175355,0.205301805152452,0.207479334306071,0.947777777777778,370.212777777778,544.310555555556,332.446666666667
Covariate:2,1,-0.25,-0.272194162595962,0.184794396375269,0.18676236990088,0.941111111111111,370.212777777778,544.310555555556,332.446666666667
Covariate_con:1,1,-0.5,-0.530372620955863,0.0650470773635556,0.0668614054809581,0.922222222222222,370.212777777778,544.310555555556,332.446666666667
Covariate_con:2,1,0.5,0.532632281924667,0.0646018711737817,0.0679067401215856,0.910555555555556,370.212777777778,544.310555555556,332.446666666667
1-1,1,-0.111571775657105,-0.124089805769968,0.0941441132468791,0.0989439622665393,0.931111111111111,370.212777777778,544.310555555556,332.446666666667
1-2,1,-0.0526802578289131,-0.0432208371165408,0.0251161942432543,0.0252128000843059,0.93,370.212777777778,544.310555555556,332.446666666667
1-3,1,-0.0526802578289131,-0.050465360563033,0.032866872402573,0.0326457480992217,0.947222222222222,370.212777777778,544.310555555556,332.446666666667
2-2,1,-0.111571775657105,-0.117784525181185,0.0704580377871994,0.0733305689918936,0.947777777777778,370.212777777778,544.310555555556,332.446666666667
2-3,1,-0.0526802578289131,-0.0493004334442471,0.0280795083583513,0.0277919006488816,0.947777777777778,370.212777777778,544.310555555556,332.446666666667
3-3,1,-0.111571775657105,-0.121002325493762,0.0956859221061158,0.095989122029681,0.951111111111111,370.212777777778,544.310555555556,332.446666666667
(Intercept):1,4,0,-0.030022104565334,0.0969906407960272,0.0972122919776775,0.935,1782.03666666667,1877.1,1303.755
(Intercept):2,4,0,-0.0279957076302873,0.0961144912607927,0.0949133548288305,0.941111111111111,1782.03666666667,1877.1,1303.755
Covariate:1,4,0.25,0.26130036975774,0.0971834831265512,0.0994534948723907,0.946111111111111,1782.03666666667,1877.1,1303.755
Covariate:2,4,-0.25,-0.263801337125149,0.0973723974151925,0.098923951340224,0.942222222222222,1782.03666666667,1877.1,1303.755
Covariate_con:1,4,-0.5,-0.527623769734893,0.0306190018231049,0.0304709561401728,0.856666666666667,1782.03666666667,1877.1,1303.755
Covariate_con:2,4,0.5,0.528975030448205,0.0318583672041703,0.0318621253705651,0.860555555555555,1782.03666666667,1877.1,1303.755
1-1,4,-0.111571775657105,-0.118771574210568,0.0413034594451896,0.0422815146144276,0.94,1782.03666666667,1877.1,1303.755
1-2,4,-0.0526802578289131,-0.0443899652556625,0.0120205058493616,0.011942163544649,0.897222222222222,1782.03666666667,1877.1,1303.755
1-3,4,-0.0526802578289131,-0.0513758197344281,0.0149370145206685,0.014675152002899,0.954444444444444,1782.03666666667,1877.1,1303.755
2-2,4,-0.111571775657105,-0.120784505263064,0.0385876211125781,0.0386098942375491,0.943333333333333,1782.03666666667,1877.1,1303.755
2-3,4,-0.0526802578289131,-0.0518275467866025,0.0145047343424641,0.0141266855573056,0.954444444444444,1782.03666666667,1877.1,1303.755
3-3,4,-0.111571775657105,-0.113771198242335,0.0482644692151201,0.0488620805601365,0.945555555555556,1782.03666666667,1877.1,1303.755
