Parameter,window_size,Estimate,True_value,Std.error,MC_std.error,Coverage
(Intercept):1,1,0.000108798289280316,0,0.182741322206396,0.178083187057202,0.955555555555556
(Intercept):2,1,0.00246180332159742,0,0.183586741342146,0.181111602023315,0.953888888888889
Covariate:1,1,0.519783341221543,0.5,0.193070150684944,0.194693179729239,0.942777777777778
Covariate:2,1,-0.520570511075816,-0.5,0.191750680170767,0.191421329437307,0.948888888888889
1-1,1,-0.11866868469072,-0.111571775657105,0.0903716839055305,0.0921912490138205,0.941111111111111
1-2,1,-0.0491381287861462,-0.0526802578289131,0.0353515399048566,0.0356329880189395,0.949444444444444
1-3,1,-0.04868218243789,-0.0526802578289131,0.0359613974485976,0.0372607847628179,0.937777777777778
2-2,1,-0.113829261120927,-0.111571775657105,0.0911272460912411,0.0928652206240425,0.946666666666667
2-3,1,-0.0494583691424481,-0.0526802578289131,0.0361038738165868,0.0361235019350701,0.958333333333333
3-3,1,-0.114819422266867,-0.111571775657105,0.0916944007260662,0.0954970992496994,0.943333333333333
(Intercept):1,4,-0.00291864207844647,0,0.0922095350876478,0.0885013359001109,0.955555555555556
(Intercept):2,4,-0.00657382085652025,0,0.0924027734936562,0.0896183340870576,0.957222222222222
Covariate:1,4,0.51799600259321,0.5,0.0963227409770543,0.0963695738902392,0.952777777777778
Covariate:2,4,-0.517747229280645,-0.5,0.0964030745949805,0.0959278666311326,0.952222222222222
1-1,4,-0.111571975613709,-0.111571775657105,0.0455610512845323,0.0451615540803542,0.948333333333333
1-2,4,-0.0509617566135641,-0.0526802578289131,0.0176446083562397,0.0177738154150482,0.946666666666667
1-3,4,-0.0521224300165341,-0.0526802578289131,0.0179910642817216,0.0178144377901205,0.953333333333333
2-2,4,-0.113220556609346,-0.111571775657105,0.0457084818650034,0.0465589663448567,0.946111111111111
2-3,4,-0.0517771388780984,-0.0526802578289131,0.0180209018442372,0.0174716806895529,0.96
3-3,4,-0.113660820776407,-0.111571775657105,0.0462634418549579,0.0446886354075552,0.955555555555556
